sale_date,S1,S2,S3,S4,S5,S6,S7,S8,S9,S10
2017-01-01,76.0,79.0,57.0,57.0,30.0,77.0,62.0,20.0,40.0,42.0
2017-01-02,64.0,91.0,42.0,42.0,46.0,64.0,61.0,25.0,35.0,51.0
2017-01-03,53.0,66.0,60.0,60.0,82.0,28.0,60.0,34.0,49.0,69.0
2017-01-04,65.0,72.0,43.0,43.0,39.0,75.0,67.0,35.0,43.0,49.0
2017-01-05,58.0,69.0,43.0,43.0,42.0,64.0,52.0,28.0,29.0,43.0
2017-01-06,55.0,74.0,66.0,66.0,73.0,44.0,47.0,46.0,65.0,56.0
2017-01-07,59.0,71.0,49.0,49.0,49.0,79.0,53.0,43.0,37.0,44.0
2017-01-08,53.0,61.0,72.0,72.0,77.0,29.0,31.0,47.0,42.0,73.0
2017-01-09,46.0,66.0,67.0,67.0,80.0,33.0,30.0,41.0,67.0,72.0
2017-01-10,63.0,58.0,54.0,54.0,76.0,48.0,41.0,41.0,64.0,69.0
2017-01-11,49.0,75.0,59.0,59.0,31.0,75.0,58.0,24.0,42.0,38.0
2017-01-12,58.0,85.0,56.0,56.0,41.0,61.0,76.0,35.0,48.0,51.0
2017-01-13,65.0,83.0,45.0,45.0,44.0,73.0,53.0,43.0,60.0,47.0
2017-01-14,66.0,93.0,47.0,47.0,39.0,69.0,62.0,26.0,34.0,43.0
2017-01-15,51.0,90.0,53.0,53.0,47.0,68.0,69.0,25.0,57.0,55.0
2017-01-16,65.0,86.0,39.0,39.0,47.0,67.0,59.0,23.0,39.0,55.0
2017-01-17,68.0,70.0,52.0,52.0,49.0,92.0,57.0,34.0,42.0,41.0
2017-01-18,63.0,84.0,50.0,50.0,41.0,73.0,72.0,43.0,52.0,54.0
2017-01-19,82.0,67.0,43.0,43.0,38.0,65.0,61.0,37.0,43.0,49.0
2017-01-20,65.0,76.0,60.0,60.0,44.0,66.0,59.0,33.0,46.0,39.0
2017-01-21,64.0,77.0,51.0,51.0,42.0,67.0,54.0,26.0,40.0,32.0
2017-01-22,44.0,68.0,51.0,51.0,51.0,85.0,60.0,24.0,48.0,53.0
2017-01-23,62.0,73.0,48.0,48.0,42.0,76.0,58.0,17.0,47.0,55.0
2017-01-24,61.0,71.0,55.0,55.0,40.0,65.0,51.0,31.0,43.0,43.0
2017-01-25,52.0,74.0,76.0,76.0,63.0,42.0,44.0,33.0,63.0,65.0
2017-01-26,73.0,85.0,45.0,45.0,40.0,80.0,49.0,32.0,38.0,50.0
2017-01-27,67.0,90.0,48.0,48.0,41.0,76.0,60.0,33.0,45.0,36.0
2017-01-28,64.0,76.0,49.0,49.0,39.0,74.0,63.0,31.0,47.0,44.0
2017-01-29,57.0,62.0,59.0,59.0,41.0,77.0,67.0,43.0,48.0,47.0
2017-01-30,50.0,77.0,38.0,38.0,51.0,65.0,54.0,35.0,48.0,48.0
2017-01-31,42.0,78.0,50.0,50.0,52.0,73.0,60.0,20.0,47.0,49.0
2017-02-01,55.0,74.0,26.0,26.0,43.0,78.0,59.0,35.0,44.0,48.0
2017-02-02,72.0,75.0,57.0,57.0,50.0,64.0,54.0,30.0,37.0,54.0
2017-02-03,56.0,74.0,56.0,56.0,38.0,66.0,55.0,39.0,50.0,48.0
2017-02-04,57.0,76.0,50.0,50.0,33.0,80.0,63.0,26.0,46.0,50.0
2017-02-05,59.0,74.0,47.0,47.0,48.0,61.0,63.0,31.0,50.0,45.0
2017-02-06,70.0,80.0,59.0,59.0,44.0,59.0,50.0,29.0,35.0,45.0
2017-02-07,63.0,81.0,48.0,48.0,38.0,70.0,53.0,23.0,54.0,57.0
2017-02-08,62.0,83.0,53.0,53.0,51.0,76.0,60.0,31.0,48.0,38.0
2017-02-09,66.0,80.0,44.0,44.0,38.0,67.0,51.0,32.0,40.0,56.0
2017-02-10,61.0,77.0,32.0,32.0,55.0,61.0,60.0,36.0,42.0,57.0
2017-02-11,66.0,82.0,45.0,45.0,42.0,75.0,60.0,45.0,57.0,34.0
2017-02-12,59.0,80.0,59.0,59.0,44.0,70.0,81.0,31.0,45.0,44.0
2017-02-13,58.0,69.0,51.0,51.0,43.0,65.0,58.0,45.0,49.0,44.0
2017-02-14,77.0,67.0,51.0,51.0,49.0,85.0,64.0,34.0,34.0,50.0
2017-02-15,54.0,71.0,54.0,54.0,40.0,72.0,55.0,28.0,40.0,47.0
2017-02-16,57.0,74.0,71.0,71.0,80.0,65.0,50.0,32.0,72.0,64.0
2017-02-17,63.0,73.0,47.0,47.0,56.0,62.0,62.0,20.0,46.0,54.0
2017-02-18,61.0,82.0,60.0,60.0,59.0,71.0,64.0,23.0,33.0,58.0
2017-02-19,56.0,78.0,50.0,50.0,58.0,71.0,57.0,26.0,47.0,52.0
2017-02-20,59.0,69.0,48.0,48.0,50.0,66.0,52.0,27.0,40.0,45.0
2017-02-21,57.0,78.0,69.0,69.0,75.0,44.0,39.0,33.0,68.0,66.0
2017-02-22,60.0,76.0,48.0,48.0,40.0,78.0,66.0,24.0,60.0,45.0
2017-02-23,55.0,72.0,62.0,62.0,53.0,75.0,61.0,28.0,38.0,52.0
2017-02-24,62.0,74.0,50.0,50.0,43.0,91.0,63.0,40.0,39.0,53.0
2017-02-25,63.0,71.0,45.0,45.0,45.0,76.0,60.0,35.0,34.0,49.0
2017-02-26,67.0,82.0,49.0,49.0,40.0,65.0,54.0,36.0,48.0,45.0
2017-02-27,64.0,75.0,47.0,47.0,48.0,75.0,53.0,38.0,54.0,41.0
2017-02-28,64.0,75.0,48.0,48.0,43.0,68.0,60.0,29.0,50.0,51.0
2017-03-01,62.0,81.0,45.0,45.0,44.0,87.0,60.0,35.0,42.0,49.0
2017-03-02,54.0,72.0,50.0,50.0,44.0,61.0,58.0,32.0,31.0,48.0
2017-03-03,73.0,75.0,49.0,49.0,52.0,79.0,65.0,34.0,51.0,49.0
2017-03-04,63.0,82.0,46.0,46.0,38.0,87.0,60.0,33.0,46.0,42.0
2017-03-05,72.0,76.0,63.0,63.0,45.0,64.0,60.0,28.0,46.0,36.0
2017-03-06,59.0,58.0,73.0,73.0,80.0,47.0,35.0,37.0,49.0,70.0
2017-03-07,63.0,70.0,43.0,43.0,40.0,67.0,66.0,28.0,35.0,37.0
2017-03-08,51.0,79.0,74.0,74.0,83.0,49.0,36.0,39.0,57.0,54.0
2017-03-09,77.0,62.0,49.0,49.0,46.0,63.0,60.0,30.0,45.0,38.0
2017-03-10,66.0,73.0,66.0,66.0,65.0,51.0,45.0,31.0,64.0,68.0
2017-03-11,70.0,79.0,38.0,38.0,41.0,84.0,61.0,39.0,47.0,57.0
2017-03-12,73.0,81.0,43.0,43.0,45.0,68.0,71.0,21.0,33.0,56.0
2017-03-13,58.0,78.0,56.0,56.0,52.0,76.0,65.0,36.0,45.0,46.0
2017-03-14,68.0,91.0,46.0,46.0,53.0,63.0,63.0,33.0,37.0,35.0
2017-03-15,46.0,68.0,73.0,73.0,84.0,44.0,38.0,38.0,72.0,69.0
2017-03-16,51.0,60.0,91.0,91.0,86.0,43.0,36.0,35.0,78.0,61.0
2017-03-17,73.0,81.0,56.0,56.0,41.0,65.0,51.0,33.0,48.0,49.0
2017-03-18,62.0,88.0,48.0,48.0,44.0,65.0,66.0,29.0,42.0,42.0
2017-03-19,56.0,64.0,54.0,54.0,44.0,70.0,46.0,37.0,28.0,50.0
2017-03-20,48.0,74.0,72.0,72.0,77.0,36.0,42.0,40.0,71.0,67.0
2017-03-21,73.0,86.0,36.0,36.0,47.0,83.0,84.0,37.0,54.0,41.0
2017-03-22,70.0,74.0,77.0,77.0,66.0,37.0,22.0,40.0,57.0,72.0
2017-03-23,63.0,71.0,63.0,63.0,69.0,58.0,35.0,40.0,59.0,60.0
2017-03-24,61.0,94.0,55.0,55.0,52.0,63.0,65.0,36.0,41.0,51.0
2017-03-25,60.0,65.0,39.0,39.0,58.0,63.0,83.0,31.0,43.0,38.0
2017-03-26,69.0,90.0,38.0,38.0,46.0,70.0,62.0,27.0,47.0,45.0
2017-03-27,55.0,81.0,62.0,62.0,64.0,57.0,48.0,32.0,73.0,63.0
2017-03-28,67.0,79.0,39.0,39.0,36.0,74.0,51.0,31.0,48.0,46.0
2017-03-29,75.0,86.0,38.0,38.0,43.0,66.0,55.0,40.0,43.0,41.0
2017-03-30,69.0,77.0,31.0,31.0,39.0,53.0,42.0,24.0,38.0,55.0
2017-03-31,62.0,71.0,57.0,57.0,45.0,77.0,59.0,30.0,51.0,54.0
2017-04-01,70.0,68.0,55.0,55.0,46.0,75.0,58.0,32.0,61.0,52.0
2017-04-02,65.0,76.0,51.0,51.0,47.0,74.0,63.0,29.0,38.0,52.0
2017-04-03,56.0,69.0,62.0,62.0,52.0,72.0,67.0,33.0,39.0,47.0
2017-04-04,68.0,79.0,49.0,49.0,51.0,65.0,66.0,32.0,58.0,58.0
2017-04-05,52.0,73.0,50.0,50.0,44.0,62.0,55.0,27.0,45.0,40.0
2017-04-06,67.0,79.0,49.0,49.0,41.0,76.0,58.0,25.0,38.0,39.0
2017-04-07,70.0,63.0,43.0,43.0,45.0,71.0,54.0,33.0,64.0,29.0
2017-04-08,59.0,86.0,41.0,41.0,41.0,72.0,60.0,43.0,49.0,42.0
2017-04-09,61.0,65.0,51.0,51.0,30.0,75.0,60.0,27.0,42.0,46.0
2017-04-10,66.0,85.0,54.0,54.0,46.0,68.0,50.0,25.0,38.0,46.0
2017-04-11,55.0,74.0,43.0,43.0,39.0,73.0,54.0,37.0,45.0,47.0
2017-04-12,75.0,80.0,47.0,47.0,28.0,65.0,58.0,33.0,29.0,47.0
2017-04-13,65.0,72.0,39.0,39.0,28.0,63.0,60.0,35.0,48.0,53.0
2017-04-14,60.0,77.0,48.0,48.0,45.0,73.0,77.0,21.0,46.0,36.0
2017-04-15,66.0,96.0,46.0,46.0,43.0,72.0,53.0,27.0,57.0,56.0
2017-04-16,67.0,92.0,53.0,53.0,51.0,68.0,54.0,30.0,44.0,47.0
2017-04-17,57.0,78.0,48.0,48.0,24.0,66.0,73.0,43.0,36.0,44.0
2017-04-18,74.0,74.0,48.0,48.0,47.0,69.0,61.0,26.0,37.0,38.0
2017-04-19,59.0,88.0,56.0,56.0,44.0,80.0,75.0,30.0,52.0,56.0
2017-04-20,69.0,64.0,44.0,44.0,37.0,68.0,65.0,27.0,38.0,55.0
2017-04-21,70.0,71.0,44.0,44.0,33.0,77.0,62.0,19.0,63.0,48.0
2017-04-22,62.0,70.0,45.0,45.0,52.0,69.0,63.0,19.0,53.0,53.0
2017-04-23,68.0,79.0,53.0,53.0,43.0,76.0,53.0,31.0,53.0,55.0
2017-04-24,72.0,82.0,37.0,37.0,59.0,60.0,53.0,31.0,43.0,44.0
2017-04-25,57.0,76.0,41.0,41.0,47.0,79.0,47.0,19.0,39.0,38.0
2017-04-26,68.0,84.0,46.0,46.0,32.0,77.0,62.0,22.0,47.0,56.0
2017-04-27,67.0,72.0,40.0,40.0,39.0,80.0,62.0,24.0,33.0,55.0
2017-04-28,53.0,68.0,50.0,50.0,49.0,83.0,62.0,34.0,48.0,46.0
2017-04-29,53.0,74.0,39.0,39.0,47.0,66.0,71.0,29.0,43.0,44.0
2017-04-30,58.0,83.0,49.0,49.0,35.0,72.0,80.0,33.0,36.0,36.0
2017-05-01,66.0,70.0,51.0,51.0,48.0,62.0,61.0,29.0,49.0,57.0
2017-05-02,66.0,87.0,56.0,56.0,44.0,77.0,55.0,38.0,47.0,32.0
2017-05-03,55.0,75.0,48.0,48.0,44.0,70.0,60.0,32.0,35.0,51.0
2017-05-04,61.0,86.0,56.0,56.0,39.0,71.0,53.0,34.0,39.0,58.0
2017-05-05,60.0,65.0,41.0,41.0,44.0,69.0,51.0,37.0,53.0,46.0
2017-05-06,57.0,80.0,52.0,52.0,48.0,58.0,61.0,28.0,47.0,52.0
2017-05-07,64.0,76.0,75.0,75.0,74.0,43.0,42.0,38.0,47.0,62.0
2017-05-08,62.0,64.0,57.0,57.0,58.0,66.0,66.0,47.0,33.0,35.0
2017-05-09,69.0,70.0,45.0,45.0,35.0,61.0,54.0,24.0,39.0,46.0
2017-05-10,67.0,75.0,48.0,48.0,50.0,66.0,66.0,27.0,44.0,52.0
2017-05-11,66.0,77.0,54.0,54.0,42.0,84.0,65.0,23.0,55.0,52.0
2017-05-12,60.0,89.0,47.0,47.0,30.0,79.0,55.0,24.0,39.0,39.0
2017-05-13,54.0,70.0,53.0,53.0,46.0,74.0,62.0,36.0,43.0,54.0
2017-05-14,50.0,82.0,38.0,38.0,51.0,69.0,69.0,36.0,38.0,49.0
2017-05-15,64.0,78.0,54.0,54.0,78.0,62.0,45.0,55.0,51.0,67.0
2017-05-16,66.0,73.0,54.0,54.0,42.0,88.0,61.0,36.0,39.0,45.0
2017-05-17,67.0,87.0,50.0,50.0,48.0,63.0,70.0,31.0,42.0,50.0
2017-05-18,75.0,82.0,52.0,52.0,37.0,74.0,52.0,29.0,51.0,50.0
2017-05-19,73.0,77.0,35.0,35.0,37.0,71.0,73.0,24.0,45.0,52.0
2017-05-20,53.0,81.0,47.0,47.0,51.0,80.0,60.0,23.0,42.0,52.0
2017-05-21,69.0,81.0,38.0,38.0,46.0,70.0,60.0,24.0,45.0,39.0
2017-05-22,59.0,77.0,42.0,42.0,26.0,80.0,65.0,27.0,48.0,38.0
2017-05-23,53.0,78.0,46.0,46.0,36.0,71.0,56.0,29.0,32.0,33.0
2017-05-24,54.0,69.0,66.0,66.0,71.0,43.0,36.0,33.0,63.0,75.0
2017-05-25,67.0,76.0,58.0,58.0,40.0,71.0,62.0,42.0,45.0,55.0
2017-05-26,60.0,68.0,52.0,52.0,41.0,83.0,60.0,34.0,28.0,51.0
2017-05-27,75.0,70.0,62.0,62.0,42.0,68.0,65.0,23.0,38.0,50.0
2017-05-28,60.0,67.0,47.0,47.0,42.0,89.0,63.0,17.0,44.0,51.0
2017-05-29,56.0,67.0,83.0,83.0,70.0,37.0,39.0,41.0,78.0,68.0
2017-05-30,69.0,72.0,44.0,44.0,39.0,67.0,56.0,25.0,44.0,58.0
2017-05-31,75.0,73.0,42.0,42.0,34.0,73.0,56.0,25.0,51.0,39.0
2017-06-01,59.0,75.0,57.0,57.0,43.0,69.0,57.0,30.0,36.0,57.0
2017-06-02,54.0,79.0,74.0,74.0,65.0,47.0,52.0,51.0,66.0,73.0
2017-06-03,40.0,76.0,68.0,68.0,77.0,52.0,33.0,31.0,65.0,78.0
2017-06-04,72.0,80.0,61.0,61.0,53.0,64.0,76.0,38.0,50.0,28.0
2017-06-05,63.0,85.0,44.0,44.0,33.0,68.0,60.0,28.0,43.0,40.0
2017-06-06,52.0,69.0,75.0,75.0,68.0,44.0,37.0,31.0,83.0,78.0
2017-06-07,52.0,64.0,57.0,57.0,56.0,69.0,60.0,39.0,37.0,54.0
2017-06-08,59.0,76.0,47.0,47.0,33.0,74.0,59.0,34.0,43.0,43.0
2017-06-09,72.0,96.0,68.0,68.0,45.0,58.0,55.0,45.0,45.0,49.0
2017-06-10,67.0,83.0,43.0,43.0,54.0,75.0,53.0,37.0,48.0,45.0
2017-06-11,72.0,83.0,45.0,45.0,39.0,88.0,67.0,30.0,43.0,50.0
2017-06-12,64.0,56.0,45.0,45.0,43.0,63.0,67.0,34.0,45.0,38.0
2017-06-13,63.0,76.0,42.0,42.0,35.0,59.0,60.0,46.0,30.0,49.0
2017-06-14,57.0,70.0,56.0,56.0,41.0,68.0,57.0,37.0,50.0,32.0
2017-06-15,54.0,71.0,54.0,54.0,50.0,68.0,57.0,29.0,41.0,45.0
2017-06-16,60.0,84.0,53.0,53.0,47.0,72.0,62.0,33.0,52.0,44.0
2017-06-17,73.0,71.0,50.0,50.0,40.0,73.0,57.0,39.0,56.0,43.0
2017-06-18,57.0,71.0,70.0,70.0,74.0,51.0,48.0,40.0,47.0,68.0
2017-06-19,54.0,87.0,66.0,66.0,67.0,43.0,32.0,36.0,61.0,74.0
2017-06-20,61.0,73.0,59.0,59.0,41.0,67.0,64.0,22.0,41.0,44.0
2017-06-21,59.0,76.0,41.0,41.0,44.0,72.0,56.0,36.0,48.0,48.0
2017-06-22,53.0,78.0,66.0,66.0,76.0,42.0,38.0,41.0,64.0,70.0
2017-06-23,49.0,66.0,72.0,72.0,83.0,41.0,35.0,31.0,63.0,62.0
2017-06-24,61.0,77.0,50.0,50.0,56.0,67.0,63.0,26.0,43.0,62.0
2017-06-25,48.0,71.0,57.0,57.0,39.0,60.0,65.0,28.0,46.0,46.0
2017-06-26,48.0,67.0,66.0,66.0,71.0,46.0,18.0,32.0,63.0,59.0
2017-06-27,69.0,73.0,42.0,42.0,41.0,83.0,55.0,32.0,46.0,48.0
2017-06-28,58.0,81.0,70.0,70.0,66.0,54.0,34.0,37.0,56.0,68.0
2017-06-29,49.0,63.0,68.0,68.0,41.0,66.0,70.0,37.0,43.0,38.0
2017-06-30,63.0,79.0,43.0,43.0,37.0,71.0,60.0,41.0,47.0,31.0
2017-07-01,54.0,56.0,48.0,48.0,55.0,75.0,59.0,42.0,38.0,45.0
2017-07-02,63.0,60.0,59.0,59.0,49.0,71.0,59.0,33.0,49.0,56.0
2017-07-03,74.0,78.0,55.0,55.0,42.0,69.0,64.0,35.0,40.0,60.0
2017-07-04,67.0,73.0,35.0,35.0,50.0,80.0,55.0,30.0,55.0,49.0
2017-07-05,66.0,72.0,57.0,57.0,42.0,67.0,48.0,35.0,51.0,59.0
2017-07-06,69.0,82.0,64.0,64.0,30.0,60.0,50.0,33.0,48.0,59.0
2017-07-07,57.0,77.0,72.0,72.0,82.0,44.0,38.0,43.0,66.0,60.0
2017-07-08,54.0,82.0,45.0,45.0,35.0,66.0,60.0,37.0,34.0,39.0
2017-07-09,62.0,81.0,51.0,51.0,49.0,61.0,61.0,40.0,45.0,49.0
2017-07-10,51.0,71.0,58.0,58.0,75.0,39.0,45.0,38.0,74.0,60.0
2017-07-11,66.0,84.0,46.0,46.0,45.0,71.0,58.0,40.0,42.0,46.0
2017-07-12,52.0,67.0,67.0,67.0,75.0,42.0,42.0,41.0,66.0,70.0
2017-07-13,57.0,64.0,52.0,52.0,47.0,71.0,62.0,31.0,53.0,42.0
2017-07-14,57.0,86.0,32.0,32.0,45.0,62.0,58.0,37.0,52.0,46.0
2017-07-15,64.0,65.0,81.0,81.0,80.0,58.0,35.0,36.0,53.0,72.0
2017-07-16,71.0,76.0,56.0,56.0,37.0,85.0,61.0,42.0,39.0,50.0
2017-07-17,50.0,65.0,40.0,40.0,43.0,71.0,57.0,47.0,46.0,38.0
2017-07-18,64.0,74.0,62.0,62.0,38.0,74.0,66.0,42.0,54.0,44.0
2017-07-19,61.0,74.0,45.0,45.0,42.0,82.0,61.0,26.0,41.0,54.0
2017-07-20,67.0,77.0,50.0,50.0,44.0,73.0,63.0,20.0,50.0,54.0
2017-07-21,61.0,87.0,46.0,46.0,31.0,68.0,68.0,33.0,47.0,60.0
2017-07-22,63.0,80.0,54.0,54.0,72.0,61.0,46.0,32.0,45.0,76.0
2017-07-23,66.0,85.0,48.0,48.0,46.0,79.0,57.0,23.0,37.0,45.0
2017-07-24,65.0,63.0,68.0,68.0,66.0,41.0,48.0,36.0,56.0,66.0
2017-07-25,65.0,80.0,35.0,35.0,56.0,73.0,51.0,33.0,40.0,55.0
2017-07-26,66.0,79.0,54.0,54.0,60.0,64.0,60.0,30.0,55.0,48.0
2017-07-27,73.0,91.0,70.0,70.0,73.0,43.0,27.0,40.0,62.0,71.0
2017-07-28,74.0,80.0,56.0,56.0,34.0,73.0,68.0,39.0,42.0,50.0
2017-07-29,68.0,61.0,57.0,57.0,31.0,84.0,57.0,30.0,51.0,52.0
2017-07-30,65.0,80.0,43.0,43.0,47.0,74.0,53.0,18.0,45.0,59.0
2017-07-31,59.0,78.0,53.0,53.0,36.0,83.0,67.0,24.0,32.0,43.0
2017-08-01,57.0,66.0,68.0,68.0,65.0,44.0,38.0,39.0,70.0,57.0
2017-08-02,71.0,74.0,45.0,45.0,48.0,76.0,46.0,36.0,55.0,46.0
2017-08-03,62.0,79.0,50.0,50.0,52.0,74.0,65.0,26.0,47.0,35.0
2017-08-04,73.0,77.0,48.0,48.0,41.0,69.0,54.0,27.0,53.0,50.0
2017-08-05,51.0,77.0,41.0,41.0,40.0,71.0,64.0,36.0,57.0,48.0
2017-08-06,58.0,74.0,49.0,49.0,31.0,73.0,75.0,33.0,50.0,45.0
2017-08-07,67.0,86.0,42.0,42.0,42.0,66.0,76.0,24.0,51.0,35.0
2017-08-08,74.0,61.0,71.0,71.0,72.0,45.0,35.0,42.0,63.0,65.0
2017-08-09,63.0,75.0,68.0,68.0,82.0,40.0,34.0,33.0,57.0,63.0
2017-08-10,62.0,72.0,48.0,48.0,41.0,68.0,69.0,29.0,40.0,33.0
2017-08-11,49.0,65.0,55.0,55.0,53.0,76.0,60.0,36.0,39.0,54.0
2017-08-12,56.0,72.0,49.0,49.0,41.0,61.0,67.0,39.0,57.0,49.0
2017-08-13,63.0,71.0,66.0,66.0,79.0,48.0,36.0,30.0,69.0,69.0
2017-08-14,71.0,72.0,33.0,33.0,43.0,55.0,58.0,29.0,36.0,50.0
2017-08-15,58.0,69.0,76.0,76.0,74.0,41.0,41.0,42.0,69.0,62.0
2017-08-16,63.0,73.0,51.0,51.0,54.0,76.0,50.0,25.0,46.0,28.0
2017-08-17,68.0,81.0,61.0,61.0,36.0,84.0,67.0,48.0,44.0,57.0
2017-08-18,50.0,85.0,58.0,58.0,38.0,78.0,63.0,34.0,49.0,42.0
2017-08-19,57.0,88.0,62.0,62.0,58.0,62.0,50.0,35.0,47.0,47.0
2017-08-20,61.0,75.0,60.0,60.0,57.0,80.0,54.0,25.0,41.0,44.0
2017-08-21,63.0,66.0,38.0,38.0,52.0,65.0,55.0,30.0,56.0,37.0
2017-08-22,58.0,79.0,45.0,45.0,48.0,81.0,72.0,30.0,38.0,50.0
2017-08-23,75.0,67.0,53.0,53.0,45.0,66.0,71.0,29.0,40.0,45.0
2017-08-24,47.0,72.0,72.0,72.0,73.0,46.0,39.0,34.0,54.0,72.0
2017-08-25,58.0,78.0,43.0,43.0,38.0,79.0,57.0,43.0,42.0,47.0
2017-08-26,63.0,73.0,46.0,46.0,51.0,79.0,65.0,19.0,51.0,54.0
2017-08-27,64.0,71.0,52.0,52.0,42.0,75.0,62.0,28.0,48.0,47.0
2017-08-28,58.0,81.0,55.0,55.0,39.0,71.0,52.0,29.0,54.0,43.0
2017-08-29,73.0,75.0,45.0,45.0,45.0,79.0,67.0,30.0,36.0,43.0
2017-08-30,66.0,75.0,54.0,54.0,51.0,64.0,63.0,30.0,52.0,52.0
2017-08-31,54.0,79.0,63.0,63.0,57.0,35.0,35.0,47.0,60.0,49.0
2017-09-01,64.0,74.0,51.0,51.0,47.0,72.0,56.0,32.0,47.0,56.0
2017-09-02,61.0,77.0,42.0,42.0,48.0,69.0,68.0,31.0,47.0,38.0
2017-09-03,44.0,69.0,75.0,75.0,82.0,64.0,55.0,35.0,72.0,68.0
2017-09-04,59.0,70.0,45.0,45.0,57.0,84.0,58.0,30.0,41.0,54.0
2017-09-05,55.0,68.0,51.0,51.0,72.0,48.0,32.0,34.0,53.0,52.0
2017-09-06,64.0,64.0,57.0,57.0,82.0,52.0,33.0,28.0,73.0,57.0
2017-09-07,74.0,86.0,37.0,37.0,56.0,69.0,63.0,34.0,43.0,46.0
2017-09-08,72.0,80.0,49.0,49.0,50.0,72.0,56.0,33.0,38.0,45.0
2017-09-09,77.0,93.0,54.0,54.0,37.0,60.0,70.0,33.0,34.0,56.0
2017-09-10,68.0,87.0,55.0,55.0,52.0,83.0,73.0,28.0,47.0,51.0
2017-09-11,63.0,68.0,46.0,46.0,45.0,75.0,69.0,26.0,47.0,38.0
2017-09-12,80.0,77.0,52.0,52.0,39.0,76.0,61.0,41.0,34.0,42.0
2017-09-13,56.0,76.0,47.0,47.0,57.0,82.0,42.0,26.0,47.0,50.0
2017-09-14,63.0,74.0,44.0,44.0,41.0,77.0,71.0,24.0,52.0,42.0
2017-09-15,63.0,67.0,52.0,52.0,47.0,78.0,58.0,31.0,44.0,44.0
2017-09-16,56.0,76.0,63.0,63.0,46.0,82.0,52.0,16.0,41.0,41.0
2017-09-17,54.0,66.0,73.0,73.0,76.0,59.0,44.0,43.0,71.0,62.0
2017-09-18,74.0,71.0,57.0,57.0,43.0,74.0,56.0,34.0,41.0,50.0
2017-09-19,66.0,79.0,32.0,32.0,41.0,68.0,67.0,44.0,37.0,48.0
2017-09-20,59.0,63.0,74.0,74.0,77.0,54.0,37.0,38.0,70.0,61.0
2017-09-21,76.0,77.0,57.0,57.0,31.0,83.0,67.0,37.0,40.0,42.0
2017-09-22,58.0,64.0,77.0,77.0,70.0,42.0,49.0,31.0,52.0,73.0
2017-09-23,59.0,72.0,56.0,56.0,39.0,76.0,62.0,23.0,54.0,45.0
2017-09-24,64.0,74.0,41.0,41.0,54.0,64.0,57.0,35.0,47.0,37.0
2017-09-25,64.0,78.0,57.0,57.0,30.0,68.0,60.0,26.0,47.0,58.0
2017-09-26,75.0,82.0,52.0,52.0,44.0,74.0,50.0,24.0,48.0,46.0
2017-09-27,60.0,80.0,46.0,46.0,48.0,72.0,61.0,40.0,60.0,48.0
2017-09-28,62.0,74.0,39.0,39.0,39.0,85.0,60.0,31.0,47.0,57.0
2017-09-29,66.0,67.0,44.0,44.0,34.0,78.0,66.0,27.0,52.0,48.0
2017-09-30,52.0,80.0,71.0,71.0,76.0,50.0,43.0,29.0,62.0,52.0
2017-10-01,78.0,64.0,38.0,38.0,40.0,57.0,67.0,26.0,48.0,50.0
2017-10-02,62.0,81.0,47.0,47.0,35.0,75.0,63.0,43.0,52.0,53.0
2017-10-03,65.0,80.0,62.0,62.0,52.0,64.0,73.0,33.0,43.0,52.0
2017-10-04,53.0,91.0,57.0,57.0,36.0,74.0,64.0,30.0,42.0,62.0
2017-10-05,76.0,78.0,35.0,35.0,38.0,71.0,61.0,34.0,48.0,53.0
2017-10-06,63.0,79.0,54.0,54.0,49.0,62.0,62.0,34.0,52.0,45.0
2017-10-07,53.0,80.0,72.0,72.0,62.0,48.0,46.0,33.0,54.0,78.0
2017-10-08,69.0,76.0,48.0,48.0,38.0,72.0,74.0,43.0,30.0,49.0
2017-10-09,64.0,76.0,48.0,48.0,37.0,69.0,63.0,31.0,43.0,61.0
2017-10-10,72.0,76.0,42.0,42.0,36.0,73.0,56.0,38.0,49.0,45.0
2017-10-11,59.0,83.0,41.0,41.0,58.0,67.0,69.0,40.0,32.0,62.0
2017-10-12,60.0,73.0,53.0,53.0,39.0,71.0,63.0,26.0,43.0,49.0
2017-10-13,62.0,88.0,37.0,37.0,48.0,82.0,52.0,33.0,39.0,34.0
2017-10-14,56.0,69.0,47.0,47.0,42.0,72.0,63.0,23.0,48.0,50.0
2017-10-15,64.0,86.0,49.0,49.0,49.0,75.0,60.0,27.0,52.0,38.0
2017-10-16,62.0,84.0,50.0,50.0,49.0,72.0,52.0,30.0,51.0,52.0
2017-10-17,71.0,76.0,28.0,28.0,52.0,75.0,71.0,39.0,37.0,44.0
2017-10-18,60.0,69.0,77.0,77.0,76.0,48.0,26.0,33.0,63.0,71.0
2017-10-19,76.0,72.0,55.0,55.0,39.0,79.0,56.0,41.0,42.0,41.0
2017-10-20,73.0,66.0,42.0,42.0,45.0,73.0,65.0,32.0,46.0,41.0
2017-10-21,61.0,82.0,38.0,38.0,35.0,71.0,60.0,34.0,47.0,41.0
2017-10-22,62.0,76.0,43.0,43.0,47.0,73.0,65.0,33.0,46.0,40.0
2017-10-23,60.0,68.0,72.0,72.0,81.0,38.0,49.0,41.0,48.0,66.0
2017-10-24,50.0,83.0,54.0,54.0,41.0,76.0,55.0,30.0,52.0,46.0
2017-10-25,66.0,72.0,45.0,45.0,42.0,75.0,64.0,30.0,41.0,54.0
2017-10-26,55.0,72.0,52.0,52.0,48.0,73.0,56.0,37.0,41.0,63.0
2017-10-27,55.0,73.0,45.0,45.0,38.0,68.0,60.0,33.0,55.0,42.0
2017-10-28,60.0,78.0,44.0,44.0,45.0,58.0,67.0,34.0,40.0,55.0
2017-10-29,63.0,80.0,48.0,48.0,50.0,78.0,48.0,31.0,43.0,49.0
2017-10-30,64.0,71.0,43.0,43.0,57.0,70.0,60.0,29.0,61.0,53.0
2017-10-31,60.0,77.0,49.0,49.0,50.0,79.0,63.0,43.0,50.0,36.0
2017-11-01,68.0,75.0,50.0,50.0,34.0,76.0,57.0,32.0,51.0,52.0
2017-11-02,55.0,75.0,64.0,64.0,82.0,39.0,54.0,41.0,73.0,66.0
2017-11-03,57.0,73.0,45.0,45.0,33.0,74.0,47.0,25.0,62.0,29.0
2017-11-04,60.0,70.0,59.0,59.0,73.0,49.0,46.0,37.0,65.0,65.0
2017-11-05,72.0,85.0,53.0,53.0,40.0,80.0,66.0,38.0,47.0,41.0
2017-11-06,72.0,68.0,48.0,48.0,62.0,74.0,51.0,41.0,42.0,46.0
2017-11-07,55.0,74.0,75.0,75.0,74.0,57.0,36.0,10.0,45.0,72.0
2017-11-08,56.0,67.0,54.0,54.0,44.0,63.0,67.0,34.0,34.0,53.0
2017-11-09,70.0,83.0,31.0,31.0,40.0,79.0,66.0,41.0,46.0,53.0
2017-11-10,59.0,69.0,81.0,81.0,76.0,33.0,36.0,45.0,65.0,74.0
2017-11-11,70.0,69.0,44.0,44.0,45.0,70.0,61.0,30.0,43.0,38.0
2017-11-12,54.0,79.0,58.0,58.0,48.0,67.0,69.0,31.0,59.0,50.0
2017-11-13,73.0,80.0,51.0,51.0,42.0,78.0,63.0,39.0,49.0,44.0
2017-11-14,54.0,84.0,76.0,76.0,71.0,51.0,43.0,34.0,55.0,61.0
2017-11-15,59.0,77.0,41.0,41.0,48.0,73.0,65.0,44.0,43.0,45.0
2017-11-16,64.0,66.0,38.0,38.0,46.0,61.0,62.0,38.0,29.0,50.0
2017-11-17,65.0,67.0,49.0,49.0,30.0,67.0,57.0,42.0,50.0,49.0
2017-11-18,67.0,87.0,58.0,58.0,30.0,78.0,72.0,25.0,47.0,32.0
2017-11-19,64.0,76.0,63.0,63.0,49.0,66.0,55.0,32.0,45.0,47.0
2017-11-20,62.0,67.0,53.0,53.0,40.0,66.0,68.0,30.0,46.0,35.0
2017-11-21,50.0,67.0,56.0,56.0,88.0,45.0,32.0,31.0,71.0,63.0
2017-11-22,70.0,89.0,46.0,46.0,48.0,79.0,71.0,39.0,37.0,43.0
2017-11-23,63.0,76.0,48.0,48.0,33.0,74.0,66.0,23.0,31.0,44.0
2017-11-24,64.0,76.0,59.0,59.0,34.0,60.0,72.0,36.0,38.0,54.0
2017-11-25,71.0,75.0,36.0,36.0,34.0,72.0,58.0,32.0,33.0,39.0
2017-11-26,70.0,69.0,45.0,45.0,36.0,75.0,77.0,30.0,37.0,44.0
2017-11-27,58.0,78.0,48.0,48.0,23.0,69.0,57.0,45.0,57.0,38.0
2017-11-28,51.0,68.0,71.0,71.0,79.0,46.0,31.0,31.0,55.0,50.0
2017-11-29,73.0,64.0,44.0,44.0,50.0,62.0,69.0,31.0,44.0,51.0
2017-11-30,62.0,71.0,76.0,76.0,72.0,51.0,34.0,37.0,65.0,75.0
2017-12-01,53.0,76.0,40.0,40.0,54.0,73.0,69.0,36.0,48.0,38.0
2017-12-02,61.0,82.0,50.0,50.0,49.0,81.0,61.0,19.0,41.0,33.0
2017-12-03,62.0,75.0,49.0,49.0,44.0,73.0,61.0,29.0,42.0,38.0
2017-12-04,67.0,77.0,61.0,61.0,44.0,70.0,66.0,33.0,45.0,42.0
2017-12-05,51.0,76.0,57.0,57.0,40.0,70.0,62.0,37.0,42.0,51.0
2017-12-06,57.0,65.0,52.0,52.0,48.0,65.0,65.0,39.0,37.0,37.0
2017-12-07,56.0,78.0,54.0,54.0,35.0,67.0,64.0,24.0,33.0,54.0
2017-12-08,71.0,66.0,45.0,45.0,59.0,74.0,61.0,37.0,45.0,48.0
2017-12-09,63.0,86.0,36.0,36.0,40.0,59.0,65.0,38.0,48.0,50.0
2017-12-10,58.0,82.0,46.0,46.0,42.0,69.0,63.0,35.0,43.0,49.0
2017-12-11,62.0,71.0,56.0,56.0,43.0,67.0,58.0,38.0,46.0,51.0
2017-12-12,61.0,80.0,47.0,47.0,58.0,81.0,71.0,24.0,40.0,53.0
2017-12-13,69.0,76.0,54.0,54.0,56.0,76.0,73.0,16.0,46.0,40.0
2017-12-14,75.0,71.0,40.0,40.0,55.0,78.0,60.0,38.0,38.0,50.0
2017-12-15,53.0,91.0,74.0,74.0,57.0,51.0,34.0,33.0,62.0,61.0
2017-12-16,77.0,87.0,54.0,54.0,33.0,81.0,59.0,37.0,49.0,40.0
2017-12-17,56.0,83.0,50.0,50.0,51.0,78.0,65.0,28.0,53.0,49.0
2017-12-18,73.0,77.0,64.0,64.0,70.0,52.0,46.0,46.0,54.0,65.0
2017-12-19,60.0,68.0,54.0,54.0,64.0,75.0,52.0,34.0,47.0,60.0
2017-12-20,75.0,91.0,40.0,40.0,39.0,73.0,64.0,33.0,40.0,47.0
2017-12-21,54.0,66.0,58.0,58.0,35.0,70.0,65.0,32.0,47.0,46.0
2017-12-22,50.0,82.0,55.0,55.0,42.0,78.0,65.0,22.0,47.0,37.0
2017-12-23,57.0,75.0,50.0,50.0,40.0,65.0,67.0,28.0,50.0,44.0
2017-12-24,58.0,78.0,47.0,47.0,55.0,74.0,66.0,31.0,55.0,47.0
2017-12-25,65.0,78.0,54.0,54.0,47.0,72.0,59.0,32.0,36.0,34.0
2017-12-26,57.0,78.0,51.0,51.0,41.0,61.0,68.0,38.0,53.0,49.0
2017-12-27,66.0,86.0,52.0,52.0,54.0,76.0,57.0,27.0,60.0,52.0
2017-12-28,61.0,75.0,43.0,43.0,45.0,75.0,71.0,18.0,41.0,45.0
2017-12-29,51.0,80.0,48.0,48.0,59.0,86.0,57.0,34.0,50.0,50.0
2017-12-30,50.0,62.0,49.0,49.0,38.0,81.0,49.0,23.0,59.0,45.0
2017-12-31,62.0,59.0,77.0,77.0,77.0,34.0,37.0,27.0,53.0,60.0
2018-01-01,61.0,78.0,39.0,39.0,57.0,76.0,68.0,27.0,33.0,42.0
2018-01-02,62.0,71.0,52.0,52.0,39.0,72.0,80.0,42.0,47.0,42.0
2018-01-03,54.0,74.0,52.0,52.0,41.0,70.0,55.0,38.0,46.0,51.0
2018-01-04,81.0,70.0,54.0,54.0,34.0,79.0,67.0,25.0,36.0,48.0
2018-01-05,64.0,86.0,51.0,51.0,44.0,70.0,63.0,28.0,46.0,30.0
2018-01-06,75.0,80.0,52.0,52.0,52.0,74.0,54.0,31.0,43.0,51.0
2018-01-07,70.0,72.0,46.0,46.0,38.0,73.0,55.0,38.0,39.0,46.0
2018-01-08,63.0,78.0,57.0,57.0,46.0,64.0,52.0,41.0,37.0,42.0
2018-01-09,73.0,67.0,44.0,44.0,39.0,69.0,63.0,27.0,52.0,50.0
2018-01-10,57.0,80.0,45.0,45.0,49.0,82.0,56.0,38.0,34.0,53.0
2018-01-11,62.0,78.0,52.0,52.0,36.0,66.0,58.0,39.0,43.0,60.0
2018-01-12,69.0,83.0,55.0,55.0,37.0,77.0,55.0,19.0,54.0,31.0
2018-01-13,65.0,75.0,54.0,54.0,47.0,82.0,67.0,54.0,53.0,55.0
2018-01-14,58.0,65.0,65.0,65.0,79.0,56.0,39.0,32.0,62.0,67.0
2018-01-15,64.0,76.0,49.0,49.0,47.0,71.0,65.0,39.0,45.0,47.0
2018-01-16,60.0,78.0,34.0,34.0,49.0,89.0,51.0,19.0,52.0,40.0
2018-01-17,74.0,65.0,57.0,57.0,42.0,70.0,55.0,37.0,47.0,47.0
2018-01-18,68.0,75.0,47.0,47.0,51.0,65.0,63.0,32.0,48.0,37.0
2018-01-19,63.0,69.0,36.0,36.0,45.0,77.0,47.0,45.0,39.0,48.0
2018-01-20,64.0,84.0,55.0,55.0,34.0,76.0,66.0,41.0,36.0,46.0
2018-01-21,59.0,86.0,67.0,67.0,72.0,62.0,39.0,51.0,53.0,70.0
2018-01-22,66.0,72.0,69.0,69.0,66.0,49.0,29.0,45.0,60.0,63.0
2018-01-23,59.0,68.0,40.0,40.0,49.0,74.0,55.0,25.0,41.0,45.0
2018-01-24,67.0,80.0,40.0,40.0,64.0,68.0,55.0,39.0,61.0,48.0
2018-01-25,69.0,77.0,48.0,48.0,53.0,63.0,59.0,23.0,47.0,44.0
2018-01-26,59.0,70.0,76.0,76.0,69.0,52.0,45.0,42.0,61.0,58.0
2018-01-27,62.0,77.0,46.0,46.0,52.0,69.0,61.0,36.0,42.0,48.0
2018-01-28,57.0,83.0,52.0,52.0,53.0,75.0,65.0,36.0,55.0,45.0
2018-01-29,67.0,77.0,50.0,50.0,50.0,80.0,53.0,32.0,47.0,48.0
2018-01-30,69.0,73.0,57.0,57.0,38.0,68.0,55.0,39.0,42.0,54.0
2018-01-31,62.0,80.0,45.0,45.0,34.0,73.0,74.0,31.0,47.0,43.0
2018-02-01,61.0,86.0,49.0,49.0,59.0,65.0,45.0,32.0,49.0,54.0
2018-02-02,73.0,72.0,52.0,52.0,42.0,80.0,45.0,35.0,52.0,38.0
2018-02-03,66.0,73.0,52.0,52.0,41.0,72.0,58.0,36.0,42.0,47.0
2018-02-04,49.0,75.0,74.0,74.0,84.0,41.0,32.0,32.0,60.0,72.0
2018-02-05,63.0,77.0,32.0,32.0,30.0,70.0,59.0,32.0,54.0,38.0
2018-02-06,57.0,71.0,53.0,53.0,41.0,76.0,59.0,24.0,51.0,44.0
2018-02-07,68.0,73.0,48.0,48.0,38.0,75.0,58.0,31.0,53.0,55.0
2018-02-08,65.0,83.0,44.0,44.0,39.0,64.0,53.0,22.0,37.0,40.0
2018-02-09,61.0,67.0,43.0,43.0,42.0,68.0,54.0,29.0,42.0,46.0
2018-02-10,43.0,75.0,69.0,69.0,72.0,30.0,45.0,47.0,45.0,66.0
2018-02-11,57.0,76.0,50.0,50.0,40.0,77.0,56.0,42.0,43.0,51.0
2018-02-12,71.0,72.0,49.0,49.0,44.0,66.0,59.0,34.0,53.0,41.0
2018-02-13,68.0,76.0,31.0,31.0,39.0,78.0,55.0,33.0,56.0,37.0
2018-02-14,63.0,84.0,49.0,49.0,43.0,81.0,64.0,33.0,40.0,61.0
2018-02-15,67.0,77.0,53.0,53.0,43.0,67.0,58.0,37.0,34.0,49.0
2018-02-16,72.0,77.0,50.0,50.0,43.0,63.0,47.0,34.0,52.0,55.0
2018-02-17,78.0,67.0,36.0,36.0,37.0,79.0,66.0,26.0,49.0,33.0
2018-02-18,66.0,76.0,40.0,40.0,32.0,70.0,66.0,35.0,46.0,43.0
2018-02-19,64.0,83.0,48.0,48.0,60.0,75.0,54.0,19.0,44.0,50.0
2018-02-20,76.0,73.0,55.0,55.0,32.0,65.0,66.0,29.0,45.0,48.0
2018-02-21,59.0,86.0,55.0,55.0,48.0,67.0,51.0,35.0,36.0,38.0
2018-02-22,71.0,78.0,47.0,47.0,40.0,81.0,66.0,30.0,41.0,38.0
2018-02-23,60.0,80.0,41.0,41.0,51.0,81.0,78.0,18.0,39.0,53.0
2018-02-24,49.0,67.0,61.0,61.0,70.0,36.0,42.0,36.0,66.0,78.0
2018-02-25,55.0,58.0,47.0,47.0,36.0,74.0,65.0,30.0,58.0,46.0
2018-02-26,74.0,72.0,55.0,55.0,49.0,65.0,74.0,35.0,47.0,42.0
2018-02-27,66.0,73.0,46.0,46.0,43.0,72.0,74.0,21.0,39.0,51.0
2018-02-28,48.0,77.0,49.0,49.0,48.0,71.0,52.0,23.0,57.0,39.0
2018-03-01,70.0,93.0,57.0,57.0,36.0,73.0,66.0,39.0,36.0,50.0
2018-03-02,62.0,79.0,59.0,59.0,45.0,77.0,58.0,34.0,49.0,42.0
2018-03-03,54.0,75.0,64.0,64.0,75.0,42.0,34.0,31.0,72.0,70.0
2018-03-04,74.0,71.0,43.0,43.0,45.0,73.0,68.0,23.0,42.0,51.0
2018-03-05,54.0,80.0,51.0,51.0,38.0,78.0,54.0,24.0,64.0,46.0
2018-03-06,66.0,78.0,47.0,47.0,49.0,62.0,55.0,38.0,44.0,47.0
2018-03-07,63.0,77.0,44.0,44.0,56.0,79.0,47.0,33.0,49.0,50.0
2018-03-08,67.0,69.0,53.0,53.0,46.0,82.0,65.0,30.0,49.0,40.0
2018-03-09,68.0,64.0,68.0,68.0,81.0,45.0,28.0,48.0,74.0,70.0
2018-03-10,65.0,90.0,37.0,37.0,46.0,73.0,70.0,37.0,51.0,44.0
2018-03-11,66.0,73.0,53.0,53.0,54.0,77.0,66.0,38.0,35.0,48.0
2018-03-12,52.0,74.0,55.0,55.0,47.0,64.0,67.0,31.0,51.0,42.0
2018-03-13,57.0,73.0,49.0,49.0,49.0,77.0,68.0,25.0,34.0,43.0
2018-03-14,56.0,68.0,73.0,73.0,58.0,52.0,39.0,49.0,62.0,64.0
2018-03-15,58.0,79.0,53.0,53.0,33.0,73.0,62.0,29.0,44.0,43.0
2018-03-16,64.0,81.0,48.0,48.0,43.0,72.0,55.0,31.0,46.0,48.0
2018-03-17,62.0,78.0,43.0,43.0,42.0,64.0,61.0,39.0,50.0,52.0
2018-03-18,63.0,77.0,50.0,50.0,41.0,77.0,66.0,28.0,60.0,41.0
2018-03-19,50.0,73.0,43.0,43.0,44.0,75.0,51.0,23.0,50.0,42.0
2018-03-20,65.0,80.0,53.0,53.0,49.0,68.0,68.0,24.0,45.0,35.0
2018-03-21,66.0,66.0,54.0,54.0,40.0,66.0,80.0,33.0,46.0,44.0
2018-03-22,67.0,80.0,51.0,51.0,54.0,80.0,58.0,49.0,40.0,37.0
2018-03-23,60.0,69.0,45.0,45.0,44.0,75.0,63.0,32.0,47.0,45.0
2018-03-24,56.0,89.0,49.0,49.0,43.0,64.0,72.0,24.0,53.0,50.0
2018-03-25,59.0,73.0,61.0,61.0,38.0,82.0,64.0,30.0,42.0,58.0
2018-03-26,56.0,72.0,48.0,48.0,38.0,63.0,55.0,39.0,44.0,51.0
2018-03-27,73.0,73.0,42.0,42.0,43.0,60.0,71.0,44.0,35.0,52.0
2018-03-28,69.0,92.0,45.0,45.0,45.0,77.0,69.0,30.0,49.0,48.0
2018-03-29,59.0,69.0,45.0,45.0,60.0,75.0,61.0,31.0,35.0,44.0
2018-03-30,58.0,83.0,50.0,50.0,35.0,80.0,64.0,33.0,43.0,47.0
2018-03-31,44.0,74.0,69.0,69.0,72.0,50.0,55.0,42.0,64.0,57.0
2018-04-01,62.0,84.0,53.0,53.0,48.0,82.0,54.0,31.0,45.0,51.0
2018-04-02,69.0,78.0,64.0,64.0,35.0,56.0,74.0,37.0,49.0,50.0
2018-04-03,62.0,94.0,53.0,53.0,40.0,80.0,51.0,34.0,56.0,49.0
2018-04-04,43.0,76.0,60.0,60.0,83.0,42.0,32.0,39.0,78.0,72.0
2018-04-05,66.0,78.0,56.0,56.0,48.0,72.0,50.0,28.0,42.0,52.0
2018-04-06,70.0,91.0,33.0,33.0,34.0,65.0,65.0,42.0,56.0,30.0
2018-04-07,69.0,76.0,46.0,46.0,52.0,79.0,63.0,28.0,51.0,63.0
2018-04-08,69.0,84.0,51.0,51.0,37.0,68.0,65.0,35.0,39.0,50.0
2018-04-09,63.0,79.0,52.0,52.0,41.0,78.0,61.0,45.0,43.0,51.0
2018-04-10,67.0,82.0,44.0,44.0,51.0,75.0,63.0,31.0,33.0,41.0
2018-04-11,66.0,82.0,43.0,43.0,44.0,74.0,71.0,24.0,49.0,52.0
2018-04-12,56.0,69.0,34.0,34.0,42.0,87.0,58.0,39.0,46.0,39.0
2018-04-13,59.0,66.0,72.0,72.0,69.0,35.0,36.0,31.0,66.0,74.0
2018-04-14,50.0,70.0,72.0,72.0,82.0,44.0,34.0,44.0,71.0,68.0
2018-04-15,69.0,70.0,60.0,60.0,48.0,70.0,59.0,26.0,45.0,37.0
2018-04-16,65.0,67.0,49.0,49.0,55.0,73.0,61.0,31.0,42.0,40.0
2018-04-17,65.0,85.0,56.0,56.0,42.0,70.0,63.0,33.0,51.0,46.0
2018-04-18,65.0,72.0,51.0,51.0,49.0,64.0,55.0,26.0,52.0,51.0
2018-04-19,59.0,71.0,75.0,75.0,75.0,56.0,33.0,38.0,70.0,65.0
2018-04-20,69.0,71.0,60.0,60.0,34.0,74.0,65.0,34.0,46.0,54.0
2018-04-21,66.0,82.0,50.0,50.0,45.0,64.0,53.0,34.0,30.0,64.0
2018-04-22,53.0,74.0,54.0,54.0,56.0,81.0,59.0,29.0,41.0,44.0
2018-04-23,62.0,79.0,73.0,73.0,69.0,38.0,49.0,32.0,55.0,59.0
2018-04-24,53.0,82.0,52.0,52.0,41.0,73.0,64.0,36.0,48.0,44.0
2018-04-25,54.0,76.0,53.0,53.0,44.0,84.0,63.0,28.0,35.0,48.0
2018-04-26,74.0,76.0,45.0,45.0,43.0,75.0,65.0,31.0,38.0,46.0
2018-04-27,45.0,83.0,45.0,45.0,49.0,58.0,55.0,29.0,38.0,40.0
2018-04-28,60.0,69.0,54.0,54.0,45.0,77.0,74.0,27.0,42.0,47.0
2018-04-29,72.0,71.0,44.0,44.0,43.0,69.0,67.0,34.0,41.0,44.0
2018-04-30,71.0,87.0,40.0,40.0,43.0,82.0,79.0,40.0,51.0,43.0
2018-05-01,66.0,80.0,52.0,52.0,41.0,70.0,74.0,33.0,37.0,50.0
2018-05-02,72.0,77.0,58.0,58.0,45.0,72.0,70.0,18.0,51.0,41.0
2018-05-03,53.0,72.0,63.0,63.0,53.0,70.0,63.0,40.0,36.0,43.0
2018-05-04,59.0,75.0,53.0,53.0,54.0,78.0,69.0,47.0,38.0,44.0
2018-05-05,53.0,67.0,44.0,44.0,45.0,77.0,65.0,35.0,42.0,53.0
2018-05-06,76.0,80.0,35.0,35.0,48.0,63.0,61.0,50.0,39.0,47.0
2018-05-07,59.0,83.0,35.0,35.0,44.0,66.0,70.0,40.0,42.0,45.0
2018-05-08,52.0,62.0,69.0,69.0,72.0,30.0,44.0,41.0,65.0,67.0
2018-05-09,60.0,70.0,51.0,51.0,41.0,66.0,64.0,29.0,57.0,30.0
2018-05-10,57.0,62.0,80.0,80.0,76.0,48.0,40.0,33.0,66.0,60.0
2018-05-11,56.0,73.0,54.0,54.0,44.0,73.0,60.0,31.0,34.0,37.0
2018-05-12,58.0,81.0,54.0,54.0,48.0,73.0,57.0,42.0,42.0,49.0
2018-05-13,50.0,85.0,70.0,70.0,75.0,44.0,39.0,34.0,75.0,65.0
2018-05-14,58.0,78.0,48.0,48.0,48.0,69.0,61.0,45.0,52.0,45.0
2018-05-15,68.0,84.0,36.0,36.0,41.0,62.0,65.0,28.0,47.0,50.0
2018-05-16,70.0,84.0,45.0,45.0,43.0,75.0,52.0,37.0,57.0,48.0
2018-05-17,47.0,73.0,71.0,71.0,67.0,34.0,44.0,45.0,61.0,48.0
2018-05-18,63.0,69.0,55.0,55.0,52.0,71.0,56.0,25.0,50.0,37.0
2018-05-19,65.0,73.0,48.0,48.0,51.0,75.0,62.0,25.0,48.0,43.0
2018-05-20,51.0,78.0,51.0,51.0,33.0,70.0,65.0,27.0,38.0,44.0
2018-05-21,51.0,69.0,50.0,50.0,44.0,80.0,51.0,16.0,44.0,48.0
2018-05-22,67.0,80.0,52.0,52.0,51.0,65.0,72.0,30.0,47.0,34.0
2018-05-23,65.0,83.0,48.0,48.0,49.0,75.0,56.0,25.0,40.0,58.0
2018-05-24,83.0,69.0,52.0,52.0,57.0,68.0,53.0,34.0,49.0,38.0
2018-05-25,44.0,72.0,78.0,78.0,81.0,46.0,28.0,32.0,73.0,76.0
2018-05-26,68.0,70.0,49.0,49.0,38.0,84.0,69.0,34.0,42.0,51.0
2018-05-27,60.0,66.0,45.0,45.0,42.0,83.0,74.0,20.0,39.0,47.0
2018-05-28,52.0,75.0,50.0,50.0,41.0,82.0,65.0,29.0,33.0,45.0
2018-05-29,68.0,73.0,56.0,56.0,32.0,62.0,54.0,39.0,46.0,47.0
2018-05-30,71.0,69.0,54.0,54.0,47.0,71.0,57.0,45.0,38.0,43.0
2018-05-31,59.0,75.0,53.0,53.0,44.0,83.0,63.0,30.0,46.0,37.0
2018-06-01,60.0,67.0,71.0,71.0,79.0,52.0,31.0,42.0,58.0,64.0
2018-06-02,64.0,51.0,61.0,61.0,49.0,66.0,57.0,42.0,41.0,51.0
2018-06-03,59.0,69.0,54.0,54.0,72.0,39.0,35.0,33.0,60.0,72.0
2018-06-04,51.0,85.0,46.0,46.0,45.0,72.0,71.0,39.0,49.0,38.0
2018-06-05,55.0,81.0,49.0,49.0,64.0,69.0,60.0,31.0,50.0,33.0
2018-06-06,64.0,82.0,47.0,47.0,56.0,65.0,54.0,29.0,39.0,42.0
2018-06-07,60.0,78.0,69.0,69.0,80.0,53.0,51.0,40.0,68.0,67.0
2018-06-08,55.0,69.0,62.0,62.0,71.0,45.0,44.0,32.0,63.0,77.0
2018-06-09,63.0,72.0,50.0,50.0,35.0,68.0,57.0,39.0,49.0,40.0
2018-06-10,72.0,69.0,45.0,45.0,47.0,75.0,53.0,38.0,33.0,54.0
2018-06-11,61.0,74.0,53.0,53.0,49.0,73.0,56.0,20.0,42.0,36.0
2018-06-12,63.0,78.0,43.0,43.0,53.0,76.0,62.0,37.0,50.0,45.0
2018-06-13,66.0,75.0,56.0,56.0,41.0,74.0,57.0,32.0,42.0,46.0
2018-06-14,71.0,81.0,34.0,34.0,35.0,64.0,62.0,35.0,52.0,41.0
2018-06-15,81.0,71.0,47.0,47.0,33.0,81.0,57.0,34.0,35.0,43.0
2018-06-16,55.0,81.0,46.0,46.0,39.0,73.0,56.0,34.0,42.0,45.0
2018-06-17,76.0,77.0,58.0,58.0,53.0,72.0,69.0,25.0,47.0,49.0
2018-06-18,51.0,86.0,27.0,27.0,46.0,74.0,52.0,35.0,46.0,35.0
2018-06-19,64.0,83.0,58.0,58.0,47.0,84.0,66.0,43.0,44.0,48.0
2018-06-20,65.0,71.0,49.0,49.0,41.0,89.0,66.0,40.0,37.0,45.0
2018-06-21,60.0,79.0,45.0,45.0,40.0,74.0,62.0,32.0,44.0,33.0
2018-06-22,70.0,82.0,56.0,56.0,54.0,65.0,63.0,38.0,48.0,51.0
2018-06-23,64.0,82.0,48.0,48.0,59.0,66.0,53.0,41.0,40.0,43.0
2018-06-24,57.0,55.0,70.0,70.0,83.0,61.0,38.0,40.0,62.0,58.0
2018-06-25,51.0,63.0,36.0,36.0,51.0,73.0,71.0,31.0,52.0,49.0
2018-06-26,48.0,81.0,76.0,76.0,86.0,45.0,35.0,43.0,56.0,62.0
2018-06-27,62.0,75.0,44.0,44.0,38.0,75.0,68.0,24.0,45.0,47.0
2018-06-28,63.0,72.0,41.0,41.0,51.0,92.0,75.0,29.0,27.0,35.0
2018-06-29,59.0,78.0,61.0,61.0,45.0,67.0,75.0,33.0,53.0,37.0
2018-06-30,55.0,85.0,54.0,54.0,34.0,67.0,64.0,50.0,40.0,46.0
2018-07-01,62.0,74.0,50.0,50.0,47.0,80.0,65.0,34.0,39.0,50.0
2018-07-02,58.0,74.0,44.0,44.0,56.0,72.0,54.0,30.0,50.0,38.0
2018-07-03,57.0,78.0,44.0,44.0,43.0,73.0,50.0,39.0,51.0,51.0
2018-07-04,65.0,95.0,52.0,52.0,51.0,67.0,56.0,32.0,42.0,38.0
2018-07-05,61.0,71.0,38.0,38.0,39.0,81.0,65.0,19.0,40.0,41.0
2018-07-06,48.0,74.0,42.0,42.0,58.0,84.0,53.0,40.0,36.0,57.0
2018-07-07,54.0,69.0,57.0,57.0,73.0,39.0,39.0,36.0,70.0,68.0
2018-07-08,67.0,87.0,78.0,78.0,61.0,44.0,52.0,41.0,54.0,57.0
2018-07-09,62.0,66.0,45.0,45.0,42.0,64.0,56.0,29.0,42.0,35.0
2018-07-10,60.0,71.0,63.0,63.0,71.0,62.0,43.0,45.0,67.0,65.0
2018-07-11,74.0,85.0,45.0,45.0,45.0,66.0,62.0,35.0,28.0,47.0
2018-07-12,47.0,76.0,41.0,41.0,50.0,48.0,58.0,38.0,50.0,50.0
2018-07-13,69.0,65.0,53.0,53.0,39.0,68.0,53.0,28.0,43.0,54.0
2018-07-14,74.0,70.0,55.0,55.0,50.0,54.0,44.0,40.0,48.0,45.0
2018-07-15,68.0,72.0,49.0,49.0,40.0,74.0,50.0,32.0,43.0,42.0
2018-07-16,53.0,85.0,50.0,50.0,57.0,86.0,64.0,26.0,45.0,47.0
2018-07-17,52.0,79.0,34.0,34.0,37.0,77.0,61.0,33.0,56.0,43.0
2018-07-18,67.0,71.0,36.0,36.0,42.0,79.0,64.0,36.0,52.0,59.0
2018-07-19,59.0,78.0,59.0,59.0,49.0,67.0,74.0,30.0,42.0,35.0
2018-07-20,72.0,85.0,69.0,69.0,78.0,45.0,43.0,29.0,57.0,60.0
2018-07-21,74.0,74.0,52.0,52.0,42.0,77.0,71.0,25.0,41.0,42.0
2018-07-22,75.0,85.0,48.0,48.0,38.0,80.0,61.0,36.0,42.0,50.0
2018-07-23,72.0,75.0,47.0,47.0,30.0,74.0,75.0,26.0,35.0,52.0
2018-07-24,68.0,72.0,39.0,39.0,53.0,67.0,64.0,26.0,47.0,49.0
2018-07-25,63.0,73.0,49.0,49.0,43.0,43.0,46.0,39.0,41.0,52.0
2018-07-26,77.0,83.0,45.0,45.0,53.0,69.0,67.0,29.0,46.0,50.0
2018-07-27,67.0,88.0,52.0,52.0,51.0,87.0,60.0,27.0,47.0,51.0
2018-07-28,63.0,83.0,42.0,42.0,53.0,62.0,57.0,33.0,45.0,46.0
2018-07-29,62.0,67.0,61.0,61.0,39.0,71.0,61.0,39.0,53.0,41.0
2018-07-30,64.0,82.0,44.0,44.0,52.0,70.0,61.0,32.0,47.0,34.0
2018-07-31,65.0,73.0,45.0,45.0,37.0,71.0,63.0,36.0,43.0,52.0
2018-08-01,56.0,68.0,54.0,54.0,54.0,68.0,63.0,30.0,43.0,47.0
2018-08-02,55.0,69.0,45.0,45.0,39.0,72.0,60.0,31.0,30.0,55.0
2018-08-03,61.0,81.0,52.0,52.0,47.0,73.0,72.0,43.0,32.0,52.0
2018-08-04,66.0,82.0,42.0,42.0,52.0,73.0,63.0,30.0,51.0,53.0
2018-08-05,60.0,79.0,58.0,58.0,53.0,78.0,49.0,23.0,46.0,38.0
2018-08-06,50.0,68.0,80.0,80.0,71.0,43.0,30.0,38.0,51.0,71.0
2018-08-07,55.0,66.0,37.0,37.0,40.0,71.0,69.0,35.0,41.0,44.0
2018-08-08,65.0,72.0,69.0,69.0,78.0,41.0,39.0,26.0,59.0,57.0
2018-08-09,58.0,81.0,59.0,59.0,39.0,71.0,62.0,37.0,44.0,55.0
2018-08-10,58.0,66.0,40.0,40.0,43.0,73.0,68.0,10.0,53.0,26.0
2018-08-11,72.0,87.0,53.0,53.0,40.0,67.0,59.0,22.0,36.0,37.0
2018-08-12,69.0,81.0,56.0,56.0,41.0,82.0,54.0,47.0,40.0,50.0
2018-08-13,57.0,64.0,45.0,45.0,48.0,82.0,73.0,21.0,33.0,40.0
2018-08-14,67.0,65.0,52.0,52.0,51.0,74.0,59.0,29.0,34.0,49.0
2018-08-15,69.0,73.0,43.0,43.0,50.0,70.0,56.0,39.0,44.0,61.0
2018-08-16,64.0,80.0,41.0,41.0,40.0,62.0,52.0,20.0,40.0,54.0
2018-08-17,71.0,72.0,53.0,53.0,46.0,72.0,57.0,35.0,35.0,48.0
2018-08-18,64.0,83.0,48.0,48.0,47.0,73.0,60.0,32.0,49.0,46.0
2018-08-19,57.0,69.0,42.0,42.0,47.0,79.0,61.0,25.0,41.0,44.0
2018-08-20,52.0,70.0,64.0,64.0,40.0,72.0,54.0,41.0,50.0,40.0
2018-08-21,64.0,79.0,53.0,53.0,47.0,67.0,62.0,26.0,40.0,47.0
2018-08-22,63.0,74.0,59.0,59.0,45.0,78.0,64.0,39.0,40.0,47.0
2018-08-23,64.0,75.0,57.0,57.0,63.0,80.0,52.0,23.0,53.0,47.0
2018-08-24,65.0,74.0,49.0,49.0,49.0,66.0,55.0,30.0,39.0,34.0
2018-08-25,65.0,72.0,48.0,48.0,43.0,67.0,67.0,41.0,34.0,47.0
2018-08-26,59.0,70.0,55.0,55.0,45.0,78.0,58.0,41.0,40.0,50.0
2018-08-27,55.0,74.0,76.0,76.0,80.0,52.0,52.0,51.0,66.0,73.0
2018-08-28,62.0,77.0,70.0,70.0,62.0,48.0,34.0,29.0,62.0,60.0
2018-08-29,59.0,94.0,39.0,39.0,42.0,72.0,65.0,25.0,40.0,41.0
2018-08-30,70.0,68.0,52.0,52.0,36.0,70.0,71.0,36.0,47.0,53.0
2018-08-31,72.0,67.0,39.0,39.0,38.0,69.0,59.0,25.0,48.0,48.0
2018-09-01,66.0,88.0,55.0,55.0,52.0,76.0,63.0,31.0,45.0,54.0
2018-09-02,51.0,78.0,78.0,78.0,70.0,46.0,39.0,36.0,67.0,80.0
2018-09-03,63.0,79.0,47.0,47.0,43.0,71.0,60.0,49.0,46.0,40.0
2018-09-04,49.0,77.0,43.0,43.0,49.0,73.0,51.0,35.0,49.0,48.0
2018-09-05,54.0,86.0,57.0,57.0,48.0,72.0,50.0,33.0,45.0,42.0
2018-09-06,69.0,93.0,43.0,43.0,43.0,83.0,67.0,30.0,35.0,47.0
2018-09-07,65.0,67.0,59.0,59.0,48.0,75.0,62.0,15.0,49.0,39.0
2018-09-08,63.0,85.0,43.0,43.0,40.0,78.0,65.0,32.0,41.0,38.0
2018-09-09,65.0,69.0,54.0,54.0,46.0,74.0,67.0,42.0,63.0,54.0
2018-09-10,57.0,75.0,37.0,37.0,29.0,65.0,55.0,27.0,53.0,48.0
2018-09-11,60.0,65.0,59.0,59.0,82.0,43.0,43.0,43.0,51.0,65.0
2018-09-12,50.0,76.0,50.0,50.0,43.0,71.0,57.0,31.0,33.0,49.0
2018-09-13,65.0,72.0,72.0,72.0,77.0,36.0,37.0,46.0,64.0,71.0
2018-09-14,53.0,71.0,45.0,45.0,52.0,70.0,49.0,38.0,46.0,44.0
2018-09-15,64.0,79.0,61.0,61.0,45.0,68.0,54.0,19.0,49.0,52.0
2018-09-16,57.0,83.0,51.0,51.0,51.0,81.0,65.0,21.0,58.0,33.0
2018-09-17,69.0,77.0,45.0,45.0,40.0,78.0,57.0,28.0,52.0,53.0
2018-09-18,58.0,82.0,47.0,47.0,45.0,69.0,65.0,34.0,49.0,42.0
2018-09-19,61.0,83.0,35.0,35.0,42.0,70.0,57.0,40.0,40.0,45.0
2018-09-20,67.0,74.0,56.0,56.0,36.0,63.0,61.0,30.0,29.0,38.0
2018-09-21,46.0,67.0,85.0,85.0,70.0,46.0,35.0,37.0,57.0,60.0
2018-09-22,58.0,75.0,55.0,55.0,54.0,69.0,68.0,31.0,49.0,43.0
2018-09-23,71.0,73.0,50.0,50.0,38.0,79.0,60.0,38.0,42.0,53.0
2018-09-24,59.0,67.0,77.0,77.0,82.0,41.0,44.0,47.0,55.0,73.0
2018-09-25,67.0,85.0,45.0,45.0,53.0,79.0,56.0,38.0,42.0,31.0
2018-09-26,74.0,83.0,52.0,52.0,37.0,81.0,55.0,25.0,44.0,39.0
2018-09-27,68.0,86.0,34.0,34.0,56.0,78.0,73.0,31.0,42.0,49.0
2018-09-28,60.0,70.0,58.0,58.0,41.0,73.0,57.0,41.0,41.0,35.0
2018-09-29,65.0,82.0,46.0,46.0,37.0,60.0,61.0,23.0,47.0,48.0
2018-09-30,53.0,73.0,84.0,84.0,69.0,48.0,33.0,33.0,56.0,67.0
2018-10-01,61.0,57.0,51.0,51.0,37.0,64.0,72.0,20.0,54.0,49.0
2018-10-02,79.0,81.0,50.0,50.0,46.0,78.0,60.0,42.0,51.0,56.0
2018-10-03,68.0,75.0,49.0,49.0,46.0,81.0,66.0,30.0,40.0,51.0
2018-10-04,71.0,88.0,48.0,48.0,40.0,75.0,57.0,40.0,43.0,46.0
2018-10-05,63.0,73.0,56.0,56.0,45.0,68.0,49.0,29.0,55.0,45.0
2018-10-06,61.0,92.0,50.0,50.0,45.0,68.0,66.0,25.0,30.0,40.0
2018-10-07,72.0,81.0,50.0,50.0,46.0,69.0,54.0,34.0,59.0,42.0
2018-10-08,69.0,83.0,44.0,44.0,54.0,66.0,68.0,29.0,39.0,39.0
2018-10-09,65.0,80.0,48.0,48.0,41.0,60.0,59.0,36.0,56.0,61.0
2018-10-10,58.0,80.0,48.0,48.0,50.0,74.0,65.0,28.0,54.0,45.0
2018-10-11,62.0,75.0,40.0,40.0,42.0,88.0,60.0,33.0,42.0,37.0
2018-10-12,62.0,71.0,53.0,53.0,35.0,70.0,58.0,30.0,50.0,48.0
2018-10-13,65.0,71.0,47.0,47.0,55.0,77.0,65.0,34.0,40.0,42.0
2018-10-14,61.0,78.0,48.0,48.0,50.0,74.0,61.0,31.0,41.0,43.0
2018-10-15,63.0,80.0,54.0,54.0,34.0,76.0,63.0,45.0,45.0,46.0
2018-10-16,65.0,67.0,54.0,54.0,48.0,75.0,61.0,27.0,41.0,44.0
2018-10-17,60.0,84.0,53.0,53.0,50.0,76.0,61.0,34.0,42.0,60.0
2018-10-18,66.0,70.0,41.0,41.0,52.0,71.0,56.0,27.0,47.0,27.0
2018-10-19,50.0,73.0,56.0,56.0,48.0,67.0,61.0,34.0,33.0,47.0
2018-10-20,62.0,79.0,43.0,43.0,48.0,82.0,58.0,24.0,44.0,42.0
2018-10-21,72.0,60.0,54.0,54.0,56.0,64.0,67.0,29.0,52.0,58.0
2018-10-22,52.0,67.0,71.0,71.0,86.0,47.0,34.0,41.0,60.0,71.0
2018-10-23,61.0,78.0,53.0,53.0,40.0,70.0,61.0,37.0,45.0,45.0
2018-10-24,64.0,65.0,65.0,65.0,68.0,57.0,37.0,36.0,49.0,59.0
2018-10-25,61.0,66.0,68.0,68.0,83.0,43.0,31.0,33.0,63.0,69.0
2018-10-26,66.0,83.0,66.0,66.0,80.0,42.0,47.0,42.0,51.0,66.0
2018-10-27,67.0,82.0,36.0,36.0,51.0,76.0,49.0,22.0,46.0,51.0
2018-10-28,65.0,59.0,48.0,48.0,43.0,82.0,61.0,38.0,31.0,41.0
2018-10-29,68.0,78.0,53.0,53.0,45.0,73.0,64.0,38.0,50.0,50.0
2018-10-30,53.0,80.0,50.0,50.0,37.0,70.0,66.0,36.0,48.0,41.0
2018-10-31,62.0,71.0,46.0,46.0,47.0,71.0,76.0,34.0,42.0,33.0
2018-11-01,66.0,90.0,51.0,51.0,35.0,73.0,71.0,33.0,43.0,44.0
2018-11-02,56.0,60.0,52.0,52.0,35.0,71.0,62.0,39.0,54.0,47.0
2018-11-03,66.0,76.0,62.0,62.0,44.0,70.0,60.0,27.0,45.0,44.0
2018-11-04,70.0,73.0,51.0,51.0,38.0,77.0,84.0,39.0,53.0,49.0
2018-11-05,61.0,68.0,52.0,52.0,51.0,61.0,66.0,27.0,56.0,40.0
2018-11-06,67.0,68.0,47.0,47.0,45.0,67.0,70.0,27.0,58.0,41.0
2018-11-07,60.0,72.0,53.0,53.0,47.0,75.0,60.0,20.0,42.0,39.0
2018-11-08,60.0,80.0,61.0,61.0,66.0,54.0,50.0,37.0,63.0,65.0
2018-11-09,67.0,71.0,68.0,68.0,68.0,44.0,36.0,25.0,73.0,67.0
2018-11-10,62.0,87.0,52.0,52.0,45.0,63.0,50.0,43.0,48.0,48.0
2018-11-11,56.0,70.0,61.0,61.0,65.0,62.0,36.0,47.0,67.0,59.0
2018-11-12,64.0,76.0,48.0,48.0,45.0,77.0,61.0,41.0,52.0,48.0
2018-11-13,62.0,73.0,46.0,46.0,39.0,65.0,57.0,44.0,50.0,55.0
2018-11-14,74.0,75.0,44.0,44.0,36.0,74.0,64.0,34.0,45.0,54.0
2018-11-15,68.0,78.0,51.0,51.0,30.0,76.0,55.0,39.0,37.0,52.0
2018-11-16,61.0,75.0,54.0,54.0,47.0,70.0,63.0,32.0,47.0,43.0
2018-11-17,58.0,79.0,63.0,63.0,75.0,43.0,60.0,34.0,55.0,69.0
2018-11-18,53.0,78.0,54.0,54.0,38.0,72.0,60.0,23.0,47.0,29.0
2018-11-19,64.0,84.0,54.0,54.0,37.0,71.0,57.0,29.0,40.0,46.0
2018-11-20,68.0,68.0,50.0,50.0,38.0,69.0,62.0,19.0,46.0,41.0
2018-11-21,48.0,65.0,65.0,65.0,76.0,43.0,36.0,38.0,62.0,61.0
2018-11-22,71.0,62.0,48.0,48.0,44.0,65.0,60.0,26.0,53.0,46.0
2018-11-23,62.0,75.0,49.0,49.0,41.0,76.0,65.0,33.0,49.0,55.0
2018-11-24,64.0,64.0,53.0,53.0,51.0,75.0,54.0,29.0,48.0,53.0
2018-11-25,56.0,85.0,55.0,55.0,36.0,80.0,57.0,31.0,33.0,39.0
2018-11-26,58.0,79.0,46.0,46.0,39.0,67.0,64.0,41.0,52.0,37.0
2018-11-27,56.0,93.0,64.0,64.0,60.0,64.0,65.0,32.0,49.0,42.0
2018-11-28,67.0,73.0,50.0,50.0,47.0,87.0,59.0,33.0,45.0,49.0
2018-11-29,62.0,75.0,47.0,47.0,56.0,97.0,69.0,38.0,49.0,47.0
2018-11-30,56.0,76.0,48.0,48.0,34.0,68.0,65.0,37.0,46.0,42.0
2018-12-01,53.0,71.0,41.0,41.0,39.0,74.0,62.0,21.0,47.0,39.0
2018-12-02,69.0,81.0,50.0,50.0,37.0,92.0,69.0,30.0,52.0,50.0
2018-12-03,66.0,63.0,54.0,54.0,45.0,73.0,57.0,41.0,46.0,49.0
2018-12-04,63.0,87.0,50.0,50.0,47.0,63.0,66.0,27.0,32.0,44.0
2018-12-05,60.0,71.0,48.0,48.0,41.0,74.0,60.0,33.0,40.0,43.0
2018-12-06,63.0,64.0,52.0,52.0,39.0,69.0,52.0,24.0,41.0,45.0
2018-12-07,57.0,77.0,65.0,65.0,65.0,34.0,37.0,55.0,62.0,66.0
2018-12-08,49.0,64.0,77.0,77.0,77.0,61.0,37.0,43.0,62.0,69.0
2018-12-09,64.0,85.0,50.0,50.0,54.0,72.0,61.0,33.0,45.0,41.0
2018-12-10,57.0,69.0,55.0,55.0,42.0,75.0,78.0,27.0,39.0,43.0
2018-12-11,58.0,72.0,45.0,45.0,53.0,68.0,61.0,20.0,40.0,40.0
2018-12-12,61.0,83.0,47.0,47.0,43.0,63.0,68.0,31.0,42.0,49.0
2018-12-13,50.0,78.0,52.0,52.0,73.0,50.0,44.0,36.0,47.0,67.0
2018-12-14,61.0,92.0,51.0,51.0,49.0,84.0,46.0,46.0,54.0,46.0
2018-12-15,50.0,74.0,75.0,75.0,60.0,44.0,41.0,31.0,56.0,63.0
2018-12-16,67.0,80.0,50.0,50.0,42.0,68.0,68.0,39.0,39.0,32.0
2018-12-17,62.0,76.0,41.0,41.0,43.0,73.0,73.0,33.0,46.0,41.0
2018-12-18,72.0,57.0,47.0,47.0,42.0,77.0,67.0,37.0,32.0,50.0
2018-12-19,84.0,69.0,48.0,48.0,40.0,66.0,67.0,32.0,37.0,43.0
2018-12-20,72.0,75.0,78.0,78.0,64.0,50.0,47.0,45.0,56.0,54.0
2018-12-21,53.0,80.0,69.0,69.0,80.0,44.0,46.0,41.0,54.0,79.0
2018-12-22,72.0,80.0,31.0,31.0,35.0,77.0,60.0,46.0,40.0,71.0
2018-12-23,55.0,68.0,49.0,49.0,39.0,74.0,73.0,38.0,52.0,58.0
2018-12-24,52.0,71.0,75.0,75.0,46.0,42.0,47.0,39.0,63.0,61.0
2018-12-25,66.0,78.0,52.0,52.0,40.0,72.0,60.0,42.0,41.0,52.0
2018-12-26,75.0,75.0,67.0,67.0,45.0,72.0,64.0,36.0,42.0,43.0
2018-12-27,45.0,89.0,51.0,51.0,34.0,65.0,63.0,31.0,39.0,48.0
2018-12-28,64.0,80.0,54.0,54.0,43.0,83.0,61.0,33.0,52.0,57.0
2018-12-29,43.0,78.0,70.0,70.0,82.0,42.0,46.0,30.0,57.0,66.0
2018-12-30,65.0,73.0,65.0,65.0,80.0,45.0,46.0,38.0,62.0,55.0
2018-12-31,74.0,73.0,46.0,46.0,48.0,66.0,59.0,38.0,40.0,39.0
2019-01-01,62.0,66.0,31.0,31.0,43.0,73.0,52.0,31.0,48.0,51.0
2019-01-02,48.0,81.0,62.0,62.0,75.0,42.0,43.0,38.0,53.0,72.0
2019-01-03,71.0,67.0,55.0,55.0,33.0,70.0,50.0,34.0,42.0,43.0
2019-01-04,65.0,83.0,41.0,41.0,42.0,63.0,61.0,45.0,43.0,34.0
2019-01-05,57.0,68.0,49.0,49.0,44.0,71.0,66.0,11.0,47.0,38.0
2019-01-06,57.0,68.0,31.0,31.0,44.0,71.0,67.0,31.0,61.0,42.0
2019-01-07,60.0,63.0,74.0,74.0,64.0,44.0,42.0,57.0,66.0,67.0
2019-01-08,49.0,77.0,55.0,55.0,46.0,66.0,68.0,44.0,40.0,40.0
2019-01-09,65.0,75.0,43.0,43.0,47.0,75.0,69.0,40.0,36.0,55.0
2019-01-10,61.0,71.0,55.0,55.0,40.0,77.0,58.0,38.0,53.0,47.0
2019-01-11,58.0,78.0,54.0,54.0,43.0,65.0,64.0,30.0,47.0,52.0
2019-01-12,62.0,66.0,82.0,82.0,73.0,56.0,44.0,45.0,71.0,73.0
2019-01-13,61.0,97.0,55.0,55.0,52.0,84.0,68.0,25.0,40.0,41.0
2019-01-14,50.0,74.0,74.0,74.0,79.0,44.0,45.0,31.0,69.0,59.0
2019-01-15,72.0,72.0,36.0,36.0,40.0,77.0,60.0,30.0,31.0,49.0
2019-01-16,69.0,83.0,46.0,46.0,52.0,73.0,64.0,24.0,49.0,49.0
2019-01-17,47.0,82.0,42.0,42.0,45.0,63.0,57.0,18.0,42.0,34.0
2019-01-18,63.0,71.0,71.0,71.0,69.0,58.0,52.0,43.0,63.0,55.0
2019-01-19,56.0,72.0,44.0,44.0,51.0,71.0,61.0,39.0,44.0,45.0
2019-01-20,52.0,80.0,45.0,45.0,44.0,64.0,65.0,27.0,43.0,42.0
2019-01-21,65.0,78.0,33.0,33.0,43.0,80.0,63.0,34.0,46.0,52.0
2019-01-22,64.0,78.0,49.0,49.0,42.0,78.0,61.0,35.0,48.0,42.0
2019-01-23,61.0,76.0,39.0,39.0,29.0,68.0,72.0,31.0,48.0,54.0
2019-01-24,73.0,93.0,37.0,37.0,39.0,70.0,45.0,31.0,49.0,34.0
2019-01-25,70.0,69.0,53.0,53.0,44.0,81.0,66.0,29.0,45.0,47.0
2019-01-26,53.0,69.0,66.0,66.0,83.0,37.0,36.0,32.0,66.0,59.0
2019-01-27,52.0,79.0,51.0,51.0,46.0,72.0,57.0,28.0,43.0,46.0
2019-01-28,57.0,78.0,59.0,59.0,54.0,70.0,60.0,42.0,48.0,49.0
2019-01-29,76.0,67.0,66.0,66.0,69.0,50.0,33.0,53.0,62.0,82.0
2019-01-30,60.0,69.0,41.0,41.0,39.0,93.0,61.0,37.0,43.0,47.0
2019-01-31,69.0,82.0,69.0,69.0,47.0,80.0,60.0,30.0,47.0,46.0
2019-02-01,69.0,73.0,54.0,54.0,44.0,67.0,59.0,20.0,46.0,38.0
2019-02-02,81.0,76.0,56.0,56.0,47.0,76.0,55.0,42.0,38.0,39.0
2019-02-03,70.0,74.0,53.0,53.0,46.0,69.0,57.0,36.0,45.0,46.0
2019-02-04,67.0,86.0,47.0,47.0,36.0,64.0,61.0,20.0,42.0,51.0
2019-02-05,66.0,68.0,47.0,47.0,33.0,78.0,61.0,26.0,44.0,43.0
2019-02-06,49.0,77.0,49.0,49.0,43.0,81.0,65.0,24.0,45.0,50.0
2019-02-07,79.0,87.0,32.0,32.0,45.0,70.0,71.0,30.0,40.0,45.0
2019-02-08,64.0,76.0,50.0,50.0,42.0,59.0,68.0,24.0,44.0,46.0
2019-02-09,69.0,74.0,54.0,54.0,46.0,77.0,71.0,27.0,45.0,48.0
2019-02-10,61.0,78.0,49.0,49.0,45.0,74.0,57.0,32.0,47.0,40.0
2019-02-11,57.0,80.0,55.0,55.0,37.0,73.0,55.0,34.0,51.0,43.0
2019-02-12,63.0,74.0,52.0,52.0,30.0,71.0,55.0,23.0,44.0,38.0
2019-02-13,53.0,83.0,50.0,50.0,41.0,67.0,56.0,42.0,36.0,42.0
2019-02-14,53.0,76.0,47.0,47.0,56.0,71.0,43.0,35.0,41.0,58.0
2019-02-15,65.0,74.0,41.0,41.0,48.0,71.0,64.0,37.0,56.0,49.0
2019-02-16,63.0,71.0,49.0,49.0,51.0,76.0,54.0,28.0,35.0,45.0
2019-02-17,56.0,79.0,51.0,51.0,37.0,72.0,51.0,35.0,44.0,41.0
2019-02-18,69.0,84.0,60.0,60.0,44.0,72.0,64.0,31.0,47.0,54.0
2019-02-19,55.0,64.0,77.0,77.0,88.0,45.0,36.0,41.0,68.0,69.0
2019-02-20,63.0,76.0,47.0,47.0,54.0,70.0,61.0,35.0,45.0,48.0
2019-02-21,54.0,75.0,56.0,56.0,46.0,81.0,53.0,44.0,45.0,39.0
2019-02-22,75.0,71.0,65.0,65.0,46.0,59.0,65.0,42.0,49.0,39.0
2019-02-23,65.0,70.0,40.0,40.0,45.0,71.0,56.0,39.0,53.0,48.0
2019-02-24,68.0,66.0,61.0,61.0,46.0,78.0,58.0,33.0,50.0,45.0
2019-02-25,60.0,63.0,86.0,86.0,70.0,34.0,51.0,47.0,65.0,64.0
2019-02-26,70.0,70.0,50.0,50.0,46.0,80.0,60.0,29.0,54.0,44.0
2019-02-27,59.0,75.0,44.0,44.0,53.0,61.0,55.0,29.0,33.0,48.0
2019-02-28,68.0,65.0,48.0,48.0,41.0,67.0,63.0,29.0,52.0,48.0
2019-03-01,54.0,76.0,47.0,47.0,47.0,72.0,60.0,25.0,41.0,47.0
2019-03-02,52.0,65.0,67.0,67.0,73.0,52.0,41.0,47.0,70.0,64.0
2019-03-03,65.0,78.0,40.0,40.0,45.0,77.0,55.0,38.0,39.0,40.0
2019-03-04,76.0,77.0,51.0,51.0,48.0,71.0,50.0,44.0,49.0,56.0
2019-03-05,68.0,82.0,50.0,50.0,33.0,84.0,64.0,29.0,43.0,42.0
2019-03-06,76.0,78.0,42.0,42.0,52.0,70.0,61.0,24.0,49.0,49.0
2019-03-07,58.0,72.0,75.0,75.0,66.0,53.0,28.0,28.0,47.0,68.0
2019-03-08,58.0,83.0,60.0,60.0,37.0,72.0,55.0,35.0,29.0,51.0
2019-03-09,60.0,79.0,45.0,45.0,44.0,61.0,62.0,29.0,52.0,53.0
2019-03-10,70.0,73.0,57.0,57.0,32.0,66.0,58.0,24.0,47.0,50.0
2019-03-11,59.0,68.0,45.0,45.0,52.0,81.0,51.0,43.0,63.0,50.0
2019-03-12,54.0,76.0,41.0,41.0,41.0,64.0,55.0,31.0,45.0,40.0
2019-03-13,57.0,72.0,43.0,43.0,49.0,83.0,52.0,25.0,48.0,23.0
2019-03-14,51.0,72.0,64.0,64.0,79.0,48.0,50.0,27.0,64.0,44.0
2019-03-15,74.0,71.0,58.0,58.0,54.0,73.0,71.0,46.0,38.0,50.0
2019-03-16,68.0,64.0,68.0,68.0,80.0,44.0,40.0,34.0,69.0,68.0
2019-03-17,59.0,75.0,58.0,58.0,38.0,77.0,53.0,26.0,47.0,45.0
2019-03-18,51.0,92.0,53.0,53.0,56.0,81.0,60.0,33.0,55.0,38.0
2019-03-19,70.0,74.0,30.0,30.0,46.0,90.0,64.0,33.0,44.0,56.0
2019-03-20,75.0,77.0,42.0,42.0,48.0,67.0,62.0,47.0,43.0,36.0
2019-03-21,57.0,65.0,32.0,32.0,45.0,76.0,56.0,31.0,51.0,46.0
2019-03-22,57.0,76.0,53.0,53.0,62.0,75.0,70.0,31.0,42.0,33.0
2019-03-23,58.0,73.0,43.0,43.0,52.0,73.0,57.0,32.0,43.0,48.0
2019-03-24,68.0,73.0,73.0,73.0,84.0,47.0,21.0,42.0,59.0,58.0
2019-03-25,52.0,81.0,51.0,51.0,44.0,73.0,58.0,26.0,46.0,39.0
2019-03-26,78.0,77.0,58.0,58.0,47.0,65.0,66.0,29.0,37.0,43.0
2019-03-27,73.0,88.0,56.0,56.0,41.0,86.0,56.0,27.0,54.0,44.0
2019-03-28,60.0,61.0,71.0,71.0,82.0,54.0,48.0,33.0,74.0,60.0
2019-03-29,58.0,81.0,59.0,59.0,50.0,91.0,64.0,27.0,38.0,47.0
2019-03-30,62.0,69.0,53.0,53.0,40.0,75.0,61.0,44.0,47.0,42.0
2019-03-31,67.0,84.0,42.0,42.0,47.0,66.0,59.0,25.0,44.0,33.0
2019-04-01,87.0,79.0,57.0,57.0,41.0,76.0,65.0,24.0,47.0,45.0
2019-04-02,60.0,76.0,47.0,47.0,44.0,77.0,62.0,48.0,62.0,50.0
2019-04-03,52.0,82.0,43.0,43.0,47.0,74.0,54.0,27.0,45.0,46.0
2019-04-04,56.0,73.0,47.0,47.0,31.0,78.0,62.0,41.0,48.0,60.0
2019-04-05,68.0,89.0,49.0,49.0,32.0,76.0,52.0,25.0,50.0,45.0
2019-04-06,60.0,75.0,57.0,57.0,48.0,69.0,57.0,30.0,35.0,36.0
2019-04-07,81.0,84.0,58.0,58.0,51.0,76.0,70.0,35.0,33.0,56.0
2019-04-08,66.0,79.0,46.0,46.0,44.0,79.0,58.0,31.0,49.0,46.0
2019-04-09,57.0,73.0,59.0,59.0,76.0,43.0,29.0,34.0,80.0,72.0
2019-04-10,58.0,80.0,74.0,74.0,73.0,30.0,41.0,35.0,50.0,65.0
2019-04-11,55.0,91.0,72.0,72.0,81.0,39.0,37.0,43.0,67.0,70.0
2019-04-12,44.0,73.0,51.0,51.0,70.0,48.0,54.0,43.0,68.0,65.0
2019-04-13,65.0,79.0,55.0,55.0,49.0,77.0,60.0,31.0,54.0,46.0
2019-04-14,70.0,68.0,42.0,42.0,43.0,67.0,56.0,32.0,44.0,38.0
2019-04-15,59.0,81.0,78.0,78.0,70.0,41.0,43.0,34.0,63.0,64.0
2019-04-16,58.0,79.0,57.0,57.0,47.0,71.0,56.0,19.0,53.0,46.0
2019-04-17,69.0,65.0,58.0,58.0,81.0,50.0,40.0,33.0,45.0,72.0
2019-04-18,63.0,75.0,56.0,56.0,28.0,75.0,55.0,33.0,38.0,41.0
2019-04-19,80.0,69.0,53.0,53.0,29.0,78.0,60.0,51.0,38.0,36.0
2019-04-20,50.0,82.0,78.0,78.0,73.0,53.0,33.0,46.0,63.0,58.0
2019-04-21,70.0,57.0,68.0,68.0,84.0,54.0,37.0,37.0,59.0,66.0
2019-04-22,54.0,72.0,44.0,44.0,39.0,78.0,63.0,22.0,48.0,46.0
2019-04-23,66.0,75.0,52.0,52.0,49.0,68.0,59.0,45.0,46.0,53.0
2019-04-24,79.0,83.0,51.0,51.0,54.0,81.0,57.0,41.0,42.0,54.0
2019-04-25,54.0,74.0,47.0,47.0,40.0,71.0,55.0,36.0,59.0,43.0
2019-04-26,65.0,79.0,49.0,49.0,36.0,72.0,63.0,28.0,50.0,42.0
2019-04-27,74.0,70.0,43.0,43.0,43.0,76.0,62.0,20.0,41.0,33.0
2019-04-28,55.0,79.0,42.0,42.0,54.0,81.0,45.0,28.0,45.0,46.0
2019-04-29,61.0,82.0,50.0,50.0,35.0,70.0,60.0,22.0,46.0,40.0
2019-04-30,60.0,94.0,51.0,51.0,51.0,75.0,56.0,21.0,35.0,53.0
2019-05-01,50.0,66.0,74.0,74.0,72.0,51.0,26.0,35.0,55.0,67.0
2019-05-02,58.0,71.0,71.0,71.0,73.0,42.0,29.0,31.0,67.0,69.0
2019-05-03,49.0,89.0,46.0,46.0,38.0,61.0,62.0,26.0,49.0,33.0
2019-05-04,67.0,77.0,50.0,50.0,43.0,84.0,62.0,22.0,37.0,40.0
2019-05-05,64.0,83.0,47.0,47.0,39.0,76.0,75.0,33.0,42.0,52.0
2019-05-06,49.0,61.0,78.0,78.0,82.0,52.0,51.0,45.0,63.0,67.0
2019-05-07,57.0,77.0,44.0,44.0,53.0,77.0,63.0,34.0,55.0,38.0
2019-05-08,74.0,84.0,48.0,48.0,47.0,73.0,56.0,25.0,40.0,48.0
2019-05-09,80.0,60.0,72.0,72.0,65.0,53.0,43.0,51.0,72.0,65.0
2019-05-10,54.0,63.0,67.0,67.0,73.0,46.0,58.0,51.0,59.0,66.0
2019-05-11,68.0,74.0,48.0,48.0,21.0,65.0,65.0,30.0,50.0,62.0
2019-05-12,51.0,74.0,59.0,59.0,70.0,39.0,39.0,36.0,58.0,71.0
2019-05-13,52.0,73.0,53.0,53.0,55.0,84.0,60.0,22.0,54.0,63.0
2019-05-14,69.0,74.0,51.0,51.0,50.0,75.0,62.0,31.0,45.0,53.0
2019-05-15,62.0,85.0,46.0,46.0,37.0,62.0,67.0,37.0,42.0,49.0
2019-05-16,57.0,71.0,51.0,51.0,41.0,74.0,72.0,25.0,42.0,39.0
2019-05-17,67.0,95.0,61.0,61.0,36.0,74.0,60.0,29.0,49.0,36.0
2019-05-18,71.0,78.0,48.0,48.0,43.0,63.0,57.0,39.0,33.0,40.0
2019-05-19,53.0,79.0,51.0,51.0,41.0,73.0,61.0,32.0,33.0,56.0
2019-05-20,65.0,72.0,68.0,68.0,88.0,38.0,39.0,35.0,73.0,78.0
2019-05-21,57.0,70.0,69.0,69.0,74.0,42.0,38.0,39.0,58.0,72.0
2019-05-22,58.0,58.0,67.0,67.0,46.0,52.0,38.0,27.0,57.0,70.0
2019-05-23,56.0,66.0,50.0,50.0,45.0,75.0,63.0,25.0,36.0,43.0
2019-05-24,53.0,75.0,38.0,38.0,36.0,63.0,57.0,17.0,46.0,53.0
2019-05-25,83.0,78.0,41.0,41.0,50.0,74.0,60.0,41.0,42.0,39.0
2019-05-26,65.0,67.0,40.0,40.0,36.0,75.0,68.0,29.0,45.0,61.0
2019-05-27,59.0,71.0,55.0,55.0,55.0,80.0,56.0,25.0,41.0,45.0
2019-05-28,70.0,80.0,55.0,55.0,53.0,76.0,63.0,31.0,46.0,48.0
2019-05-29,63.0,73.0,45.0,45.0,46.0,65.0,68.0,32.0,58.0,43.0
2019-05-30,57.0,71.0,61.0,61.0,64.0,53.0,46.0,51.0,59.0,67.0
2019-05-31,47.0,71.0,63.0,63.0,69.0,64.0,37.0,33.0,64.0,90.0
2019-06-01,63.0,66.0,63.0,63.0,41.0,73.0,52.0,27.0,50.0,37.0
2019-06-02,73.0,71.0,55.0,55.0,36.0,72.0,67.0,34.0,49.0,44.0
2019-06-03,53.0,66.0,71.0,71.0,67.0,50.0,34.0,50.0,68.0,79.0
2019-06-04,61.0,76.0,39.0,39.0,40.0,67.0,63.0,34.0,42.0,46.0
2019-06-05,52.0,81.0,52.0,52.0,58.0,75.0,66.0,12.0,49.0,40.0
2019-06-06,65.0,82.0,54.0,54.0,38.0,77.0,70.0,41.0,50.0,50.0
2019-06-07,44.0,72.0,53.0,53.0,44.0,84.0,61.0,28.0,43.0,43.0
2019-06-08,54.0,71.0,75.0,75.0,75.0,46.0,44.0,41.0,64.0,65.0
2019-06-09,72.0,79.0,49.0,49.0,47.0,90.0,60.0,31.0,40.0,54.0
2019-06-10,69.0,69.0,49.0,49.0,35.0,73.0,53.0,25.0,42.0,53.0
2019-06-11,52.0,61.0,53.0,53.0,81.0,44.0,36.0,39.0,58.0,72.0
2019-06-12,61.0,78.0,59.0,59.0,48.0,79.0,60.0,35.0,44.0,69.0
2019-06-13,66.0,85.0,35.0,35.0,45.0,75.0,60.0,50.0,40.0,53.0
2019-06-14,60.0,86.0,46.0,46.0,47.0,84.0,67.0,28.0,49.0,52.0
2019-06-15,56.0,73.0,54.0,54.0,43.0,74.0,65.0,44.0,59.0,45.0
2019-06-16,59.0,80.0,46.0,46.0,49.0,75.0,58.0,23.0,41.0,51.0
2019-06-17,65.0,74.0,52.0,52.0,47.0,67.0,67.0,37.0,43.0,49.0
2019-06-18,52.0,59.0,59.0,59.0,63.0,44.0,35.0,44.0,62.0,57.0
2019-06-19,64.0,83.0,50.0,50.0,47.0,66.0,60.0,29.0,47.0,53.0
2019-06-20,71.0,76.0,40.0,40.0,50.0,80.0,63.0,23.0,41.0,41.0
2019-06-21,64.0,79.0,60.0,60.0,45.0,69.0,62.0,30.0,55.0,44.0
2019-06-22,56.0,67.0,44.0,44.0,42.0,81.0,60.0,43.0,42.0,45.0
2019-06-23,61.0,75.0,57.0,57.0,38.0,75.0,67.0,22.0,51.0,32.0
2019-06-24,57.0,89.0,49.0,49.0,43.0,81.0,60.0,29.0,31.0,44.0
2019-06-25,67.0,69.0,40.0,40.0,59.0,78.0,56.0,30.0,53.0,55.0
2019-06-26,72.0,73.0,33.0,33.0,43.0,69.0,69.0,32.0,42.0,50.0
2019-06-27,62.0,66.0,75.0,75.0,74.0,50.0,39.0,36.0,70.0,71.0
2019-06-28,51.0,74.0,51.0,51.0,78.0,41.0,46.0,16.0,65.0,64.0
2019-06-29,55.0,74.0,72.0,72.0,88.0,49.0,49.0,37.0,56.0,65.0
2019-06-30,55.0,90.0,56.0,56.0,38.0,66.0,56.0,33.0,59.0,49.0
2019-07-01,65.0,70.0,69.0,69.0,74.0,46.0,34.0,35.0,63.0,73.0
2019-07-02,75.0,71.0,49.0,49.0,54.0,78.0,72.0,29.0,44.0,53.0
2019-07-03,52.0,65.0,53.0,53.0,55.0,74.0,59.0,29.0,54.0,49.0
2019-07-04,60.0,70.0,57.0,57.0,53.0,68.0,49.0,42.0,33.0,43.0
2019-07-05,56.0,79.0,56.0,56.0,51.0,61.0,67.0,28.0,38.0,48.0
2019-07-06,69.0,84.0,40.0,40.0,43.0,80.0,65.0,32.0,49.0,38.0
2019-07-07,62.0,81.0,51.0,51.0,61.0,93.0,56.0,32.0,29.0,52.0
2019-07-08,63.0,72.0,45.0,45.0,39.0,80.0,54.0,35.0,54.0,37.0
2019-07-09,69.0,72.0,60.0,60.0,44.0,70.0,67.0,33.0,45.0,61.0
2019-07-10,57.0,77.0,57.0,57.0,42.0,65.0,67.0,26.0,37.0,49.0
2019-07-11,57.0,79.0,57.0,57.0,46.0,70.0,73.0,29.0,41.0,46.0
2019-07-12,52.0,67.0,70.0,70.0,85.0,52.0,36.0,51.0,45.0,72.0
2019-07-13,76.0,68.0,56.0,56.0,48.0,61.0,55.0,30.0,40.0,42.0
2019-07-14,62.0,69.0,55.0,55.0,49.0,76.0,62.0,32.0,36.0,48.0
2019-07-15,62.0,71.0,44.0,44.0,36.0,79.0,52.0,35.0,55.0,40.0
2019-07-16,61.0,89.0,60.0,60.0,57.0,73.0,64.0,29.0,45.0,43.0
2019-07-17,75.0,77.0,53.0,53.0,35.0,74.0,57.0,37.0,43.0,48.0
2019-07-18,49.0,52.0,63.0,63.0,65.0,49.0,36.0,40.0,58.0,72.0
2019-07-19,58.0,69.0,40.0,40.0,45.0,64.0,61.0,36.0,33.0,45.0
2019-07-20,58.0,75.0,54.0,54.0,48.0,78.0,66.0,37.0,38.0,47.0
2019-07-21,67.0,82.0,45.0,45.0,46.0,68.0,72.0,28.0,40.0,46.0
2019-07-22,47.0,65.0,44.0,44.0,53.0,58.0,68.0,31.0,53.0,47.0
2019-07-23,71.0,78.0,57.0,57.0,38.0,85.0,65.0,32.0,45.0,45.0
2019-07-24,59.0,95.0,56.0,56.0,41.0,70.0,60.0,43.0,46.0,39.0
2019-07-25,52.0,80.0,66.0,66.0,75.0,42.0,39.0,42.0,70.0,72.0
2019-07-26,66.0,70.0,45.0,45.0,51.0,69.0,66.0,40.0,45.0,52.0
2019-07-27,58.0,81.0,48.0,48.0,55.0,75.0,59.0,21.0,55.0,51.0
2019-07-28,58.0,60.0,75.0,75.0,71.0,35.0,48.0,45.0,62.0,68.0
2019-07-29,68.0,83.0,50.0,50.0,44.0,74.0,67.0,23.0,49.0,48.0
2019-07-30,56.0,84.0,55.0,55.0,34.0,74.0,69.0,34.0,49.0,62.0
2019-07-31,71.0,78.0,55.0,55.0,47.0,61.0,65.0,33.0,47.0,34.0
2019-08-01,51.0,70.0,65.0,65.0,77.0,48.0,38.0,27.0,54.0,48.0
2019-08-02,62.0,78.0,51.0,51.0,40.0,85.0,53.0,36.0,60.0,64.0
2019-08-03,64.0,58.0,51.0,51.0,47.0,69.0,55.0,33.0,48.0,56.0
2019-08-04,54.0,84.0,58.0,58.0,54.0,65.0,67.0,42.0,44.0,36.0
2019-08-05,73.0,71.0,62.0,62.0,69.0,38.0,28.0,28.0,69.0,59.0
2019-08-06,57.0,75.0,46.0,46.0,42.0,68.0,59.0,33.0,46.0,33.0
2019-08-07,50.0,60.0,80.0,80.0,77.0,45.0,26.0,25.0,68.0,63.0
2019-08-08,57.0,62.0,60.0,60.0,72.0,61.0,35.0,31.0,63.0,60.0
2019-08-09,61.0,76.0,48.0,48.0,52.0,61.0,73.0,33.0,48.0,42.0
2019-08-10,54.0,79.0,57.0,57.0,48.0,76.0,67.0,34.0,46.0,41.0
2019-08-11,69.0,73.0,37.0,37.0,41.0,70.0,83.0,37.0,53.0,41.0
2019-08-12,64.0,75.0,55.0,55.0,36.0,65.0,65.0,47.0,37.0,40.0
2019-08-13,63.0,78.0,33.0,33.0,50.0,71.0,58.0,25.0,43.0,43.0
2019-08-14,83.0,65.0,46.0,46.0,41.0,68.0,61.0,26.0,46.0,60.0
2019-08-15,60.0,79.0,56.0,56.0,43.0,67.0,58.0,34.0,53.0,40.0
2019-08-16,58.0,76.0,46.0,46.0,44.0,81.0,48.0,39.0,48.0,46.0
2019-08-17,60.0,70.0,71.0,71.0,78.0,56.0,36.0,34.0,58.0,72.0
2019-08-18,56.0,72.0,71.0,71.0,82.0,34.0,36.0,27.0,57.0,73.0
2019-08-19,60.0,72.0,71.0,71.0,78.0,42.0,36.0,34.0,62.0,72.0
2019-08-20,73.0,76.0,48.0,48.0,49.0,80.0,52.0,26.0,48.0,48.0
2019-08-21,51.0,70.0,40.0,40.0,47.0,89.0,70.0,33.0,42.0,48.0
2019-08-22,61.0,81.0,47.0,47.0,49.0,67.0,51.0,20.0,33.0,50.0
2019-08-23,59.0,67.0,50.0,50.0,47.0,83.0,63.0,28.0,44.0,43.0
2019-08-24,61.0,68.0,41.0,41.0,38.0,72.0,67.0,21.0,50.0,47.0
2019-08-25,65.0,81.0,40.0,40.0,43.0,71.0,55.0,38.0,50.0,52.0
2019-08-26,66.0,80.0,52.0,52.0,35.0,76.0,55.0,31.0,45.0,47.0
2019-08-27,62.0,67.0,64.0,64.0,76.0,39.0,35.0,32.0,52.0,61.0
2019-08-28,61.0,81.0,55.0,55.0,45.0,82.0,43.0,33.0,52.0,43.0
2019-08-29,54.0,75.0,46.0,46.0,47.0,76.0,64.0,27.0,34.0,39.0
2019-08-30,57.0,82.0,85.0,85.0,75.0,47.0,34.0,31.0,60.0,73.0
2019-08-31,63.0,71.0,62.0,62.0,33.0,80.0,74.0,32.0,53.0,41.0
2019-09-01,68.0,74.0,54.0,54.0,46.0,84.0,67.0,26.0,43.0,45.0
2019-09-02,63.0,80.0,58.0,58.0,49.0,62.0,65.0,28.0,48.0,43.0
2019-09-03,62.0,73.0,53.0,53.0,45.0,66.0,59.0,32.0,49.0,36.0
2019-09-04,59.0,72.0,47.0,47.0,40.0,86.0,63.0,24.0,50.0,44.0
2019-09-05,64.0,76.0,41.0,41.0,48.0,71.0,70.0,44.0,36.0,50.0
2019-09-06,67.0,89.0,48.0,48.0,37.0,86.0,56.0,30.0,54.0,29.0
2019-09-07,54.0,80.0,70.0,70.0,71.0,53.0,49.0,24.0,62.0,62.0
2019-09-08,63.0,73.0,55.0,55.0,47.0,74.0,69.0,38.0,49.0,41.0
2019-09-09,56.0,67.0,67.0,67.0,67.0,47.0,50.0,35.0,62.0,60.0
2019-09-10,56.0,74.0,51.0,51.0,52.0,70.0,61.0,37.0,46.0,38.0
2019-09-11,53.0,81.0,50.0,50.0,57.0,84.0,65.0,27.0,37.0,51.0
2019-09-12,56.0,62.0,47.0,47.0,53.0,77.0,63.0,30.0,41.0,38.0
2019-09-13,63.0,76.0,53.0,53.0,41.0,75.0,75.0,35.0,37.0,29.0
2019-09-14,67.0,62.0,69.0,69.0,75.0,53.0,50.0,41.0,49.0,67.0
2019-09-15,52.0,75.0,36.0,36.0,43.0,64.0,67.0,28.0,52.0,47.0
2019-09-16,61.0,66.0,46.0,46.0,52.0,76.0,60.0,46.0,41.0,47.0
2019-09-17,68.0,73.0,63.0,63.0,79.0,52.0,39.0,42.0,59.0,61.0
2019-09-18,71.0,62.0,58.0,58.0,41.0,81.0,65.0,39.0,50.0,54.0
2019-09-19,57.0,77.0,76.0,76.0,77.0,58.0,44.0,45.0,70.0,68.0
2019-09-20,61.0,81.0,58.0,58.0,47.0,73.0,69.0,25.0,50.0,48.0
2019-09-21,53.0,77.0,72.0,72.0,73.0,50.0,22.0,29.0,57.0,70.0
2019-09-22,62.0,81.0,44.0,44.0,48.0,76.0,54.0,36.0,38.0,36.0
2019-09-23,66.0,83.0,39.0,39.0,46.0,80.0,67.0,26.0,50.0,43.0
2019-09-24,57.0,83.0,53.0,53.0,45.0,77.0,61.0,38.0,34.0,44.0
2019-09-25,64.0,73.0,42.0,42.0,49.0,75.0,63.0,28.0,43.0,51.0
2019-09-26,57.0,82.0,49.0,49.0,52.0,72.0,67.0,20.0,46.0,40.0
2019-09-27,68.0,68.0,53.0,53.0,45.0,81.0,65.0,21.0,44.0,39.0
2019-09-28,47.0,68.0,62.0,62.0,71.0,53.0,27.0,20.0,55.0,65.0
2019-09-29,59.0,68.0,57.0,57.0,43.0,61.0,69.0,38.0,40.0,43.0
2019-09-30,56.0,68.0,48.0,48.0,50.0,64.0,57.0,35.0,53.0,51.0
2019-10-01,62.0,84.0,48.0,48.0,40.0,61.0,57.0,39.0,54.0,47.0
2019-10-02,70.0,65.0,54.0,54.0,44.0,69.0,56.0,30.0,33.0,46.0
2019-10-03,61.0,67.0,51.0,51.0,47.0,65.0,67.0,26.0,46.0,50.0
2019-10-04,58.0,68.0,76.0,76.0,68.0,44.0,43.0,35.0,69.0,64.0
2019-10-05,63.0,80.0,53.0,53.0,43.0,86.0,62.0,36.0,35.0,48.0
2019-10-06,66.0,76.0,44.0,44.0,56.0,87.0,59.0,27.0,54.0,40.0
2019-10-07,68.0,79.0,37.0,37.0,37.0,63.0,54.0,29.0,53.0,48.0
2019-10-08,67.0,79.0,43.0,43.0,44.0,70.0,60.0,32.0,49.0,38.0
2019-10-09,55.0,77.0,54.0,54.0,69.0,38.0,31.0,41.0,68.0,75.0
2019-10-10,64.0,75.0,55.0,55.0,42.0,61.0,71.0,29.0,51.0,49.0
2019-10-11,56.0,76.0,63.0,63.0,78.0,47.0,27.0,36.0,64.0,71.0
2019-10-12,64.0,70.0,52.0,52.0,35.0,73.0,60.0,39.0,55.0,54.0
2019-10-13,62.0,65.0,45.0,45.0,37.0,65.0,62.0,28.0,52.0,46.0
2019-10-14,63.0,94.0,51.0,51.0,45.0,71.0,60.0,33.0,52.0,44.0
2019-10-15,70.0,75.0,49.0,49.0,53.0,78.0,54.0,20.0,37.0,41.0
2019-10-16,58.0,89.0,49.0,49.0,36.0,75.0,64.0,18.0,43.0,47.0
2019-10-17,53.0,76.0,39.0,39.0,43.0,75.0,68.0,27.0,41.0,59.0
2019-10-18,66.0,85.0,51.0,51.0,60.0,77.0,60.0,45.0,43.0,48.0
2019-10-19,63.0,85.0,52.0,52.0,49.0,68.0,65.0,29.0,42.0,36.0
2019-10-20,63.0,80.0,39.0,39.0,39.0,71.0,73.0,27.0,38.0,51.0
2019-10-21,64.0,78.0,39.0,39.0,52.0,80.0,63.0,26.0,44.0,44.0
2019-10-22,62.0,66.0,49.0,49.0,50.0,78.0,63.0,33.0,25.0,38.0
2019-10-23,65.0,86.0,53.0,53.0,31.0,81.0,67.0,30.0,40.0,40.0
2019-10-24,74.0,66.0,56.0,56.0,44.0,85.0,78.0,30.0,38.0,44.0
2019-10-25,65.0,79.0,50.0,50.0,34.0,77.0,70.0,38.0,54.0,46.0
2019-10-26,68.0,72.0,47.0,47.0,53.0,75.0,57.0,34.0,41.0,38.0
2019-10-27,66.0,89.0,51.0,51.0,57.0,79.0,62.0,33.0,44.0,41.0
2019-10-28,67.0,67.0,39.0,39.0,40.0,82.0,67.0,23.0,26.0,40.0
2019-10-29,72.0,72.0,53.0,53.0,46.0,74.0,62.0,38.0,33.0,40.0
2019-10-30,65.0,75.0,42.0,42.0,49.0,78.0,64.0,39.0,51.0,53.0
2019-10-31,60.0,70.0,53.0,53.0,29.0,80.0,59.0,27.0,39.0,34.0
2019-11-01,60.0,70.0,44.0,44.0,41.0,76.0,68.0,30.0,47.0,45.0
2019-11-02,75.0,76.0,60.0,60.0,70.0,44.0,50.0,38.0,77.0,70.0
2019-11-03,66.0,71.0,50.0,50.0,44.0,69.0,60.0,46.0,35.0,37.0
2019-11-04,65.0,86.0,50.0,50.0,48.0,76.0,63.0,36.0,44.0,51.0
2019-11-05,65.0,78.0,38.0,38.0,34.0,73.0,58.0,22.0,38.0,41.0
2019-11-06,67.0,68.0,63.0,63.0,44.0,70.0,62.0,39.0,30.0,38.0
2019-11-07,64.0,79.0,49.0,49.0,43.0,73.0,53.0,30.0,45.0,27.0
2019-11-08,56.0,84.0,42.0,42.0,38.0,70.0,47.0,35.0,32.0,38.0
2019-11-09,56.0,85.0,57.0,57.0,74.0,40.0,49.0,54.0,66.0,69.0
2019-11-10,56.0,75.0,55.0,55.0,40.0,83.0,65.0,30.0,35.0,41.0
2019-11-11,65.0,80.0,48.0,48.0,46.0,69.0,62.0,36.0,43.0,34.0
2019-11-12,51.0,79.0,62.0,62.0,47.0,76.0,45.0,14.0,57.0,47.0
2019-11-13,54.0,75.0,46.0,46.0,47.0,87.0,58.0,28.0,42.0,46.0
2019-11-14,68.0,75.0,44.0,44.0,50.0,73.0,58.0,35.0,41.0,50.0
2019-11-15,63.0,73.0,53.0,53.0,44.0,66.0,56.0,30.0,45.0,43.0
2019-11-16,51.0,72.0,55.0,55.0,33.0,64.0,52.0,41.0,51.0,47.0
2019-11-17,68.0,79.0,47.0,47.0,48.0,73.0,51.0,24.0,45.0,45.0
2019-11-18,63.0,80.0,71.0,71.0,39.0,81.0,60.0,21.0,51.0,55.0
2019-11-19,48.0,64.0,53.0,53.0,44.0,79.0,53.0,36.0,41.0,46.0
2019-11-20,56.0,68.0,48.0,48.0,32.0,88.0,66.0,32.0,45.0,43.0
2019-11-21,56.0,71.0,45.0,45.0,49.0,68.0,63.0,30.0,57.0,47.0
2019-11-22,65.0,75.0,51.0,51.0,46.0,73.0,63.0,37.0,57.0,51.0
2019-11-23,66.0,76.0,49.0,49.0,46.0,67.0,63.0,33.0,52.0,46.0
2019-11-24,70.0,73.0,56.0,56.0,38.0,67.0,53.0,32.0,44.0,48.0
2019-11-25,66.0,82.0,63.0,63.0,41.0,85.0,59.0,34.0,45.0,43.0
2019-11-26,61.0,81.0,55.0,55.0,46.0,76.0,61.0,20.0,37.0,34.0
2019-11-27,62.0,68.0,46.0,46.0,32.0,81.0,62.0,20.0,43.0,53.0
2019-11-28,52.0,77.0,48.0,48.0,45.0,77.0,59.0,32.0,39.0,53.0
2019-11-29,54.0,83.0,50.0,50.0,44.0,55.0,68.0,33.0,28.0,61.0
2019-11-30,55.0,73.0,38.0,38.0,57.0,83.0,61.0,35.0,48.0,55.0
2019-12-01,51.0,85.0,50.0,50.0,49.0,72.0,62.0,24.0,36.0,32.0
2019-12-02,51.0,76.0,42.0,42.0,47.0,75.0,64.0,16.0,44.0,44.0
2019-12-03,73.0,79.0,51.0,51.0,43.0,60.0,62.0,51.0,40.0,54.0
2019-12-04,61.0,65.0,77.0,77.0,73.0,28.0,42.0,42.0,56.0,63.0
2019-12-05,71.0,81.0,56.0,56.0,52.0,80.0,52.0,30.0,49.0,45.0
2019-12-06,68.0,65.0,55.0,55.0,48.0,74.0,60.0,22.0,47.0,36.0
2019-12-07,69.0,81.0,43.0,43.0,44.0,75.0,47.0,28.0,41.0,42.0
2019-12-08,56.0,66.0,71.0,71.0,74.0,49.0,40.0,30.0,64.0,62.0
2019-12-09,60.0,75.0,50.0,50.0,54.0,65.0,57.0,27.0,54.0,34.0
2019-12-10,67.0,79.0,62.0,62.0,38.0,73.0,57.0,18.0,45.0,41.0
2019-12-11,72.0,81.0,43.0,43.0,32.0,81.0,49.0,38.0,40.0,44.0
2019-12-12,60.0,61.0,69.0,69.0,79.0,58.0,28.0,48.0,50.0,70.0
2019-12-13,46.0,73.0,62.0,62.0,80.0,58.0,37.0,37.0,62.0,74.0
2019-12-14,75.0,77.0,43.0,43.0,43.0,69.0,67.0,34.0,40.0,43.0
2019-12-15,64.0,75.0,51.0,51.0,53.0,71.0,61.0,20.0,49.0,50.0
2019-12-16,53.0,90.0,57.0,57.0,44.0,69.0,63.0,40.0,44.0,42.0
2019-12-17,56.0,74.0,69.0,69.0,75.0,52.0,46.0,38.0,60.0,78.0
2019-12-18,71.0,78.0,62.0,62.0,40.0,79.0,63.0,25.0,43.0,41.0
2019-12-19,56.0,71.0,65.0,65.0,46.0,46.0,45.0,37.0,77.0,77.0
2019-12-20,67.0,83.0,54.0,54.0,37.0,88.0,68.0,35.0,41.0,43.0
2019-12-21,62.0,76.0,47.0,47.0,39.0,64.0,61.0,22.0,45.0,41.0
2019-12-22,57.0,62.0,73.0,73.0,87.0,52.0,37.0,49.0,61.0,69.0
2019-12-23,59.0,77.0,52.0,52.0,43.0,62.0,70.0,36.0,45.0,43.0
2019-12-24,64.0,65.0,42.0,42.0,43.0,67.0,56.0,36.0,48.0,50.0
2019-12-25,62.0,80.0,46.0,46.0,41.0,78.0,61.0,31.0,41.0,41.0
2019-12-26,69.0,69.0,67.0,67.0,69.0,47.0,48.0,32.0,58.0,57.0
2019-12-27,51.0,73.0,63.0,63.0,67.0,59.0,35.0,31.0,45.0,62.0
2019-12-28,72.0,79.0,50.0,50.0,51.0,83.0,59.0,25.0,52.0,52.0
2019-12-29,62.0,73.0,44.0,44.0,52.0,83.0,63.0,53.0,40.0,35.0
2019-12-30,59.0,85.0,48.0,48.0,52.0,76.0,58.0,53.0,49.0,36.0
2019-12-31,69.0,88.0,51.0,51.0,46.0,84.0,53.0,28.0,39.0,50.0
